SKILL_ID,ICON,SCHOOL,COMMENT
light_armor_mastery,leather-armor,steel,
rogue_crit_resist,kevlar,earth,
rogue_swift_mastery,running-shoe,wind,
hp_regeneration,regeneration,life,
mp_regeneration,drop,mind,
bow_mastery,quiver,steel,
rogue_bow_proficiency,pocket-bow,steel,
fighter_critical_dmg_mastery,deadly-strike,blood,
signal_flare,aerial-signal,fire,
bow_expertise,bow-string,steel,
bow_blessing,winged-arrow,holy,
bow_spirit,arrow-flights,mind,
bow_focus,arrow-scope,steel,
bow_ferocity,thorned-arrow,blood,
archer_bow_swiftness,fast-arrow,wind,
bow_stance,archer,earth,
archer_twin_arrows,double-shot,steel,
explosive_arrow,bolt-bomb,fire,
binding_trap,wolf-trap,earth,
poison_trap,mantrap,poison,
bleeding_trap,spiky-pit,blood,
archer_elf_magic_arrow,energy-arrow,nature,
archer_demon_magic_arrow,energy-arrow,blood,
archer_human_magic_arrow,energy-arrow,arcane,
overpower,mighty-force,steel,
rogue_evasion,evasion,wind,
heavy_arrow,heavy-arrow,steel,
archer_arrow_barrage,arrow-cluster,steel,
bleeding_arrow,spine-arrow,blood,
dazzling_arrow,supersonic-arrow,holy,
healing_arrow,cupidon-arrow,life,
bow_swift_mastery,arrow-wings,wind,
bow_damage_mastery,broadhead-arrow,steel,
bow_management_mastery,swirl-string,mind,
reuse_reset_momentum,clockwise-rotation,wind,
double_mastery,swords-power,steel,
anti_magic,rosa-shield,arcane,
magic_resistance,magic-palm,arcane,
mage_armor_mastery,robe,mind,
heavy_armor_mastery,breastplate,steel,
mp_capacity,potion-ball,mind,
spellcaster_weapon_mastery,crystal-wand,arcane,
weapon_mastery,crossed-swords,steel,
fighter_accuracy,bullseye,steel,
cooldown_mastery,stopwatch,mind,
cast_speed_mastery,spell-book,arcane,
hp_boost,heart-organ,life,
combo_mastery,pummeled,steel,
mana_vampirism,extraction-orb,mind,
tank_crit_resist,vibrating-shield,earth,
harmonist_dual_proficiency,lightning-bow,sound,
tank_shield_mastery,bordered-shield,earth,
monster_knowledge_active,orc-head,steel,
great_heal,heart-plus,holy,
resurrection,ankh,holy,
harmony_of_restoration,lyre,sound,
magic_stab,sonic-boom,sound,
sound_smash,sound-waves,sound,
acoustic_shock,acoustic-megaphone,sound,
reinforcement,armor-upgrade,earth,
sharpening,sword-smithing,steel,
holy_frenzy,burning-passion,holy,
madness,screaming,blood,
great_bulwark,round-shield,earth,
war_bulwark,spiked-shield,blood,
great_might,fist,steel,
war_might,mailed-fist,blood,
cast_shield_block,shield,holy,
cast_shield_def,diamond-hard,earth,
wc_shield_reinforcement,shield-bounces,sound,same glyph as the healer's single and the tank toggle
cast_crit_rate,on-target,steel,
cast_accuracy,crosshair,steel,
cast_crit_dmg,fangs,blood,
wc_feral_precision,hunter-eyes,sound,
cast_atk_phys,biceps,steel,
cast_spd_as,dervish-swords,blood,
cast_vamp,neck-bite,blood,
wc_feral_bloodlust,fangs-circle,sound,
cast_atk_mag,magic-swirl,arcane,
cast_mcrit_rate,third-eye,arcane,
wc_arcane_insight,all-seeing-eye,sound,
cast_spd_cast,hourglass,arcane,
cast_mp_regen,lotus,mind,
cast_interrupt,inner-self,mind,
wc_arcane_serenity,lotus-flower,sound,
cast_def_mag,bolt-shield,arcane,
cast_mp_max,soul,mind,
mana_blessing,magic-potion,mind,
wc_soul_reinforcement,soul-vessel,sound,
cast_def_phys,checked-shield,earth,
cast_hp_regen,heart-beats,life,
cast_hp_max,muscular-torso,life,
wc_body_reinforcement,muscle-up,sound,
cast_cc_res_mag,crystal-ball,mind,
cast_cc_res_phys,strong-man,earth,
wc_arcane_feral_protection,yin-yang,sound,
cast_spd_eva,acrobatic,wind,
wc_wind_grace,feathered-wing,sound,
shrouding_hymn,sing,shadow,
npc_harmony_protection,templar-shield,sound,
harmony_of_speed,wingfoot,sound,
npc_harmony_warrior,swordman,sound,
npc_harmony_wizard,wizard-staff,sound,
mdef_mastery,shield-reflect,arcane,
mp_cost_mastery,round-bottom-flask,mind,
buffer_shield_mastery,bell-shield,sound,
harmony_of_the_soul,soul,sound,
harmony_of_madness,screaming,sound,
harmony_mark,harp,sound,
lasting_enchantment,sands-of-time,arcane,
urgent_lesser_heal,defibrilate,holy,
cast_spd_move,wingfoot,wind,
npc_harmony_ward,bolt-shield,sound,a harmony wears its single's glyph in the sound colour
npc_harmony_bulwark,checked-shield,sound,
npc_harmony_body,muscular-torso,sound,
npc_harmony_force,magic-swirl,sound,
npc_harmony_alacrity,hourglass,sound,
npc_harmony_swift,wingfoot,sound,
npc_harmony_might,biceps,sound,
npc_harmony_fury,dervish-swords,sound,
holy_mark,holy-symbol,holy,
life_mark,vine-flower,life,
blood_mark,heart-drop,blood,
arcane_resistance,rune-stone,arcane,
clerics_light_armor_mastery,leather-vest,holy,
holy_bolt,sun-spear,holy,
holy_spike,spiked-halo,holy,
heal,healing,holy,
quick_heal,heart-wings,holy,
party_heal,nested-hearts,holy,
antidote,medicine-pills,life,
restore_mana,round-potion,mind,
dual_weapon_prof,daggers,steel,
rogue_critical_rate_mastery,dead-eye,blood,
fury_mastery,quick-slash,wind,
prowl,hooded-figure,shadow,
vanish,invisible,shadow,
lure,whistle,shadow,
sprint,sprint,wind,
evasion_boost,dodge,wind,
rouge_huamn_pahantom_jump,teleport,shadow,
rouge_elf_pahantom_jump,teleport,arcane,
rouge_demon_pahantom_jump,teleport,blood,
killing_stab,backstab,blood,
venom_stab,dripping-knife,poison,
venom_burst,poison-cloud,poison,
swift_stab,knife-thrust,wind,
heavy_stab,broad-dagger,steel,
lethal_focus,eye-target,blood,
lethal_precision,convergence-target,blood,
lethal_frenzy,dripping-sword,blood,
vital_points,pierced-body,blood,
assassination_instinct,hooded-assassin,shadow,
perfect_strike,pointy-sword,steel,
brutal_strike,blade-bite,blood,
anti_physical,armor-punch,earth,
duel_expertise,duel,steel,
dodge,dodging,wind,
magical_armor,ninja-armor,arcane,
demon_contract,contract,blood,
fighter_spirit_mastery,swirl-ring,mind,
strength_mastery,strong,steel,
strike,sword-slice,steel,
stab,plain-dagger,steel,
shot,bow-arrow,steel,
return_town,village,neutral,
elf_antidote,herbs-bundle,nature,
elf_heal,leaf-swirl,nature,
demon_drain,life-tap,blood,
demon_pain,heart-stake,blood,
human_parry,riposte,steel,
human_relaxation,campfire,life,
grade_penalty,rank-3,neutral,
holy_ray,sunbeams,holy,
party_great_heal,opposite-hearts,holy,
quick_great_heal,winged-emblem,holy,
healer_blessing,aspergillum,holy,
healing_totem,totem,life,
conceal,cloak,shadow,
bind,crossed-chains,arcane,
armor_break,armor-downgrade,shadow,
gravity,gravitation,arcane,
urgent_heal,pulse,holy,
resurrection_field,heaven-gate,holy,
mana_totem,totem-head,mind,
mana_strain,brain-leak,mind,
mana_ray,sinusoidal-beam,mind,
meditation,meditation,mind,
ultimate_heal,holy-grail,holy,
ultimate_party_heal,aura,holy,
weapon_break,sword-break,shadow,
holy_wind_grace_single,feathered-wing,holy,a healer single wears the warchanter group's glyph in the holy colour
holy_feral_precision_single,hunter-eyes,holy,
holy_feral_bloodlust_single,fangs-circle,holy,
holy_arcane_serenity_single,lotus-flower,holy,
holy_arcane_insight_single,all-seeing-eye,holy,
holy_soul_reinforcement_single,soul-vessel,holy,
holy_body_reinforcement_single,muscle-up,holy,
holy_shield_reinforcement_single,shield-bounces,holy,
holy_arcane_feral_protection_single,yin-yang,holy,
healers_shield_mastery,heart-shield,holy,
healer_party_blessing,holy-water,holy,
rite_of_preservation,scroll-unfurled,holy,
urgent_great_heal,heart-battery,holy,
elven_restoration,fairy,nature,
life_restoration,life-in-the-balance,life,
spirit_restoration,spiral-bloom,mind,
healers_power,glowing-hands,holy,
holy_blessing,hand-of-god,holy,
holy_soul,angel-wings,holy,
magic_bolt,bolt-spell-cast,arcane,
spellcaster_mastery,wizard-face,arcane,
elf_blessing,elf-ear,nature,
demon_blessing,daemon-skull,blood,
human_blessing,crown,holy,
demon_over_limit,overdrive,blood,
frost_spikes,icicles-fence,frost,
human_vampiric_bolt,vampire-dracula,blood,
mana_recovery,water-recycling,mind,
elemental_bolt,fireball,fire,
quick_bolt,arcing-bolt,storm,
restore_spirit,bubbling-flask,mind,
calm_spirit,water-drop,mind,
phase_shift,body-swapping,arcane,
elemental_blast,fire-ray,fire,
elemental_burst,bright-explosion,fire,
thunderstorm,lightning-storm,storm,
arcane_burst,unstable-orb,arcane,
frost_burst,frozen-orb,frost,
pyro_burst,fire-ring,fire,
quick_blast,focused-lightning,storm,
elemental_wave,fire-wave,fire,
frost_pierce,ice-spear,frost,
arcane_wave,psychic-waves,arcane,
arcane_void,vortex,arcane,
witches_curse,cursed-star,shadow,
witches_scarecrow,scarecrow,shadow,
mage_shield_mastery,energy-shield,arcane,
mana_barrier,bubble-field,mind,
force_empowerment,power-lightning,arcane,
nuker_demon_spell_empowerment,book-storm,blood,
nuker_elf_spell_empowerment,book-storm,nature,
nuker_human_spell_empowerment,book-storm,arcane,
piercing_stab,stiletto,steel,
precise_shot,crosshair-arrow,steel,
strong_mind,brain,mind,
strong_body,muscle-fat,earth,
arcane_protection,shieldcomb,arcane,
magic_proficiency,open-book,arcane,
physical_proficiency,master-of-arms,steel,
holy_protection_sigil,angel-outfit,sigil,
duel_sigil,crossed-sabres,sigil,
spirit_sigil,spark-spirit,sigil,
aegis_sigil,griffin-shield,sigil,
mage_defence_sigil,pointy-hat,sigil,
agility_sigil,feather,sigil,
holy_power_sigil,heraldic-sun,sigil,
fury_sigil,flame-claws,sigil,
soul_sigil,ghost,sigil,
body_sigil,vitruvian-man,sigil,
frenzy_sigil,crowned-explosion,sigil,
focus_sigil,eye-of-horus,sigil,
holy_support_sigil,chalice-drops,sigil,
fortitude_sigil,stone-tower,sigil,
immortality_sigil,ouroboros,sigil,
critical_protection_sigil,skull-shield,sigil,
arcane_support_sigil,book-aura,sigil,
aim_sigil,targeting,sigil,
tank_defence_mastery,layered-armor,earth,
defensive_wall,defensive-wall,earth,
provoke,shouting,earth,
charm,smitten,shadow,
shield_shock,shield-bash,earth,
final_defense,guarded-tower,earth,
tank_aggravated_state,enrage,earth,
whisp_mastery,floating-ghost,whisp,
taunting_whisp,shouting,whisp,a whisp wears its effect's glyph in the whisp colour
binding_whisp,crossed-chains,whisp,
charming_whisp,smitten,whisp,
healing_whisp,healing,whisp,
armor_breaking_whisp,armor-downgrade,whisp,
weapon_breaking_whisp,sword-break,whisp,
tank_shield_reinforcement,shield-bounces,earth,
mass_provoke,sonic-shout,earth,
intimidate,terror,shadow,
freeze,frozen-body,frost,
stay,cement-shoes,earth,
shield_smash_rate,shield-impact,earth,
shield_smash_power,hammer-drop,earth,
magic_protection,magic-shield,arcane,
backlash,spiked-armor,earth,
tauting_wall,brick-wall,earth,
magic_wall,magic-gate,arcane,
numbing_shock,electric,storm,
silencing_shock,silenced,storm,
grapple,grapple,steel,
undying_will,heart-inside,blood,
perfect_whisp,floating-crystal,whisp,
vital_organ_protection,internal-organ,earth,
blunt_cleave,flanged-mace,steel,
smash,mace-head,steel,
battle_regeneration,health-potion,blood,
battle_presence,battle-gear,blood,
battle_defence,shield-opposition,earth,
battle_resilience,iron-mask,earth,
single_mark,targeted,steel,
heavy_vitality,heart-armor,earth,
final_stand,tattered-banner,blood,
warrior_regeneration,bandaged,blood,
warrior_charge,charging-bull,steel,
champion_presence,champions,steel,
berserker_presence,barbarian,blood,
saints_presence,sun-priest,holy,
warrior_human_slash,saber-slash,steel,
warrior_demon_slash,saber-slash,blood,
warrior_elf_slash,saber-slash,nature,
warrior_focus,concentration-orb,steel,
focus_mastery,sword-hilt,steel,
focused_blast,energy-sword,steel,
focused_double_slash,crossed-slashes,steel,
focused_tripple_slash,atomic-slashes,steel,
battle_frenzy,crossed-axes,blood,
sword_shock,thunder-blade,storm,
demonic_smash,diablo-skull,blood,
warrior_sword_dance,sword-spin,holy,
sword_blast,shining-sword,steel,
focus_force,sparkling-sabre,storm,
focus_limit,zeus-sword,storm,
parry,sword-clash,steel,
saints_blessing,sword-altar,holy,
battle_revival,stump-regrowth,blood,
waraoe_life_support,life-support,life,
waraoe_blood_support,blood,blood,
waraoe_support,knight-banner,steel,
shocking_shout,lightning-shout,storm,
waraoe_wirlwind,whirlwind,steel,
taunting_shout,hunting-horn,earth,
shattering_shout,shatter,steel,
breaking_shout,hammer-break,shadow,
crippling_shout,broken-bone,shadow,
master_of_combat,swords-emblem,steel,
warrior_charge_normal,charging-bull,steel,
flash_step,quick-man,wind,
charge_n_shock,charging,storm,
warrior_charge_aoe,boot-stomp,earth,
shocking_javelin,thrown-spear,storm,
whisp_taunt,shouting,whisp,
whisp_charm,smitten,whisp,
whisp_bind,crossed-chains,whisp,
whisp_armor_break,armor-downgrade,whisp,
whisp_weapon_break,sword-break,whisp,
whisp_gravity,gravitation,whisp,
whisp_heal,healing,whisp,
whisp_quick_heal,heart-wings,whisp,
whisp_clear,sparkles,whisp,
action:basic_attack,sword-brandish,steel,the built-in ACTIONS (Skills window → Actions tab) — `action:<id>`
action:target_closest,on-sight,steel,
action:sit_stand,kneeling,life,
action:run_walk,run,wind,
action:trade_target,trade,social,
action:party_invite,meeple-group,social,
action:follow_target,footsteps,social,
action:assist_target,confrontation,steel,
action:friend_add,team-upgrade,social,
action:friend_remove,team-downgrade,social,
action:friend_list,three-friends,social,
action:party_leave,exit-door,social,
action:party_kick,boot-kick,social,
action:party_leader,meeple-king,social,
action:whisper_target,envelope,social,
action:like_target,thumb-up,social,
action:block_target,interdiction,shadow,
action:unblock_target,sound-on,social,
action:unequip_all,knapsack,neutral,
npc_might,biceps,steel,an NPC single wears its class single's glyph and colour
npc_force,magic-swirl,arcane,
npc_focus,on-target,steel,
npc_ferocity,fangs,blood,
npc_accuracy,crosshair,steel,
npc_haste,dervish-swords,blood,
npc_vampirism,neck-bite,blood,
npc_frenzy,burning-passion,holy,
npc_insight,third-eye,arcane,
npc_alacrity,hourglass,arcane,
npc_ward,bolt-shield,arcane,
npc_bulwark,checked-shield,earth,
npc_body,muscular-torso,life,
npc_vigor,heart-beats,life,
npc_soul,soul,mind,
npc_serenity,lotus,mind,
npc_resolve,inner-self,mind,
npc_swift,wingfoot,wind,
npc_agility,acrobatic,wind,
npc_might_group,battle-gear,steel,NPC groups: their own glyph
npc_force_group,magic-shield,arcane,
npc_focus_group,targeted,blood,
npc_body_group,heart-plus,life,
npc_speed,running-ninja,wind,the old Swift and Sure group (no longer offered)
pot_heal_minor,round-potion,blood,HP potions = red; the glyph is the tier (round / ball / standing)
pot_heal,potion-ball,blood,
pot_heal_greater,standing-potion,blood,
pot_heal_instant,heart-bottle,blood,
pot_mana_minor,round-potion,mind,MP potions = blue; the same tier glyphs as HP
pot_mana,potion-ball,mind,
pot_mana_greater,standing-potion,mind,
pot_swift_c,bubbling-flask,common,buff potions: one flask per family; the colour is the item's rarity
pot_swift_u,bubbling-flask,uncommon,
pot_alacrity_c,round-bottom-flask,common,
pot_alacrity_u,round-bottom-flask,uncommon,
pot_haste_c,fizzing-flask,common,
pot_haste_u,fizzing-flask,uncommon,
pot_dash_c,bottle-vapors,common,
pot_dash_u,bottle-vapors,uncommon,
pot_dash_r,bottle-vapors,rare,
pot_dash_e,bottle-vapors,epic,
pot_dash_l,bottle-vapors,legendary,
pot_dash_m,bottle-vapors,mythic,
scr_swift_r,wingfoot,rare,buff scrolls: the single's glyph in the scroll's rarity colour
scr_alacrity_r,hourglass,rare,
scr_haste_r,dervish-swords,rare,
scr_agility_r,acrobatic,rare,
scr_patk_r,biceps,rare,
scr_pdef_r,checked-shield,rare,
scr_matk_r,magic-swirl,rare,
scr_mdef_r,bolt-shield,rare,
scr_acc_r,crosshair,rare,
scr_hp_m,muscular-torso,mythic,
scr_mp_m,soul,mythic,
scr_hpreg_m,heart-beats,mythic,
scr_mpreg_m,lotus,mythic,
scr_crit_m,on-target,mythic,
scr_critdmg_m,fangs,mythic,
scr_mcrit_m,third-eye,mythic,
scr_frenzy_m,burning-passion,mythic,
scr_vamp_m,neck-bite,mythic,
scr_interrupt_m,inner-self,mythic,
rune_war,rune-sword,blood,held runes: runic glyphs; the colour is what the rune boosts
rune_spell,rune-stone,arcane,
rune_grand,heavy-thorny-triskelion,sigil,
rune_exp,hieroglyph-y,wind,
rune_sp,zigzag-hieroglyph,mind,
rune_expsp,stone-tablet,whisp,
rune_gold,light-thorny-triskelion,holy,
rune_drop,hieroglyph-legs,earth,
rune_sinister,pentacle,shadow,
rune_sinners,broken-tablet,blood,
rune_favor_keep,ankh,life,
rune_blessing_boost,eye-of-horus,sound,
buff:paved_streets,stone-path,wind,the town paving's run-speed row
buff:grade_penalty_armor,broken-shield,blood,
buff:grade_penalty_weapon,broken-axe,blood,
magic_swing,sound-waves,sound,BL-335 the magic basic attack
sound_smash_demon,sound-waves,sound,
combo_mastery_demon,pummeled,steel,
combo_mastery_elf,pummeled,steel,
reinforcement_demon,armor-upgrade,earth,
reinforcement_elf,armor-upgrade,earth,
sharpening_demon,sword-smithing,steel,
sharpening_elf,sword-smithing,steel,
