FILE,ADJ,C_1_19,C_20_39,C_40_51,C_52_60,C_61_75,COMMENT
fighter 1st,0,0.8007,,,,,
mage 1st,0,1.798,,,,,
tank 2nd,+5,,1.32,,,,
warrior 2nd,+5,,0.6916,,,,
rogue 2nd,0,,0.6655,,,,daggers +5 and bows -5 share it
nuker 2nd,0,,0.8899,,,,
cleric 2nd,-5,,0.342,,,,
tank 3rd,+5,,,0.2661,0.2047,0.3704,
warrior 3rd,+5,,,0.4849,0.2927,0.4999,
war_aoe 3rd,+5,,,0.4688,0.2924,0.4779,
nuker 3rd,0,,,0.6626,0.2384,0.3614,
healer 3rd,-5,,,0.2726,0.09834,0.1689,
buffer 3rd,-5,,,0.2905,0.1311,0.268,
dual 3rd,+5,,,0.722,0.2811,0.6654,
archer 3rd,-5,,,0.5794,0.2561,0.479,
