LEARN @ LVL,NAME,SKILL_ID,TYPE,WEAPON,WEIGHT,RANGE,AOE,TARGET,CAST s,CD s,DURRATION s,DESCR,MP,SP COST,REPLACES,RACE,Comment,DESCRIPTION
,,,,,,,,,,,,,,,,,#ERROR!
,,,,,,,,,,,,,,,,,---------------------------------------------------------------------------------------------PASSIVES-------------------------------------------------------------------------------------------------------------------
,,,,,,,,,,,,,,,,,"ARMOR - Robe: cast x1, mpReg x1.2; Light/Heavy/None: cast x0.5, as x0.5. WEAPON - Sword/Blunt: cast x1, mAtk x1; Bow/Dagger/None: cast x0.5, mAtk x0.5, mAcc x0.5. Auto-granted and NEVER replaced - every mage weapon/weight penalty lives here and nowhere else."
,,,,,,,,,,,,,,,,,----------------------------Anti-Magic----------------------------
40,Anti-Magic,anti_magic,Passive,,,0,0,self/single,0,0,0,"m.def +43",0,8.63k,[]
44,Anti-Magic,anti_magic,Passive,,,0,0,self/single,0,0,0,"m.def +49",0,11.8k,[]
48,Anti-Magic,anti_magic,Passive,,,0,0,self/single,0,0,0,"m.def +56",0,12.7k,[]
52,Anti-Magic,anti_magic,Passive,,,0,0,self/single,0,0,0,"m.def +63",0,17.5k,[]
56,Anti-Magic,anti_magic,Passive,,,0,0,self/single,0,0,0,"m.def +70",0,21.1k,[]
58,Anti-Magic,anti_magic,Passive,,,0,0,self/single,0,0,0,"m.def +74",0,26.2k,[]
60,Anti-Magic,anti_magic,Passive,,,0,0,self/single,0,0,0,"m.def +78",0,48.4k,[]
62,Anti-Magic,anti_magic,Passive,,,0,0,self/single,0,0,0,"m.def +82",0,59.6k,[]
64,Anti-Magic,anti_magic,Passive,,,0,0,self/single,0,0,0,"m.def +86",0,73.1k,[]
66,Anti-Magic,anti_magic,Passive,,,0,0,self/single,0,0,0,"m.def +91",0,119k,[]
68,Anti-Magic,anti_magic,Passive,,,0,0,self/single,0,0,0,"m.def +95",0,145k,[]
70,Anti-Magic,anti_magic,Passive,,,0,0,self/single,0,0,0,"m.def +99",0,160k,[]
72,Anti-Magic,anti_magic,Passive,,,0,0,self/single,0,0,0,"m.def +104",0,265k,[]
74,Anti-Magic,anti_magic,Passive,,,0,0,self/single,0,0,0,"m.def +108",0,388k,[]
,,,,,,,,,,,,,,,,,----------------------------Magic Resistance----------------------------
40,Magic Resistance,magic_resistance,Passive,,,0,0,self/single,0,0,0,"mRes +15%",0,8.63k,[]
52,Magic Resistance,magic_resistance,Passive,,,0,0,self/single,0,0,0,"mRes +20%",0,17.5k,[]
66,Magic Resistance,magic_resistance,Passive,,,0,0,self/single,0,0,0,"mRes +25%",0,119k,[]
70,Magic Resistance,magic_resistance,Passive,,,0,0,self/single,0,0,0,"mRes +30%",0,160k,[]
,,,,,,,,,,,,,,,,,----------------------------Robe Armor Mastery----------------------------
40,Robe Armor Mastery,mage_armor_mastery,Passive,,robe,0,0,self/single,0,0,0,"robe: p.def +39",0,8.63k,[]
44,Robe Armor Mastery,mage_armor_mastery,Passive,,robe,0,0,self/single,0,0,0,"robe: p.def +44",0,11.8k,[]
48,Robe Armor Mastery,mage_armor_mastery,Passive,,robe,0,0,self/single,0,0,0,"robe: p.def +47",0,12.7k,[]
52,Robe Armor Mastery,mage_armor_mastery,Passive,,robe,0,0,self/single,0,0,0,"robe: p.def +50",0,17.5k,[]
56,Robe Armor Mastery,mage_armor_mastery,Passive,,robe,0,0,self/single,0,0,0,"robe: p.def +53",0,21.1k,[]
58,Robe Armor Mastery,mage_armor_mastery,Passive,,robe,0,0,self/single,0,0,0,"robe: p.def +56",0,26.2k,[]
60,Robe Armor Mastery,mage_armor_mastery,Passive,,robe,0,0,self/single,0,0,0,"robe: p.def +58",0,48.4k,[]
62,Robe Armor Mastery,mage_armor_mastery,Passive,,robe,0,0,self/single,0,0,0,"robe: p.def +64",0,59.6k,[]
64,Robe Armor Mastery,mage_armor_mastery,Passive,,robe,0,0,self/single,0,0,0,"robe: p.def +68",0,73.1k,[]
66,Robe Armor Mastery,mage_armor_mastery,Passive,,robe,0,0,self/single,0,0,0,"robe: p.def +72",0,119k,[]
68,Robe Armor Mastery,mage_armor_mastery,Passive,,robe,0,0,self/single,0,0,0,"robe: p.def +75",0,145k,[]
70,Robe Armor Mastery,mage_armor_mastery,Passive,,robe,0,0,self/single,0,0,0,"robe: p.def +79",0,160k,[]
72,Robe Armor Mastery,mage_armor_mastery,Passive,,robe,0,0,self/single,0,0,0,"robe: p.def +83",0,265k,[]
74,Robe Armor Mastery,mage_armor_mastery,Passive,,robe,0,0,self/single,0,0,0,"robe: p.def +87",0,388k,[]
,,,,,,,,,,,,,,,,,----------------------------Mana Capacity----------------------------
40,Mana Capacity,mp_capacity,Passive,,,0,0,self/single,0,0,0,"maxMP +70",0,8.63k,[]
48,Mana Capacity,mp_capacity,Passive,,,0,0,self/single,0,0,0,"maxMP +100",0,12.7k,[]
56,Mana Capacity,mp_capacity,Passive,,,0,0,self/single,0,0,0,"maxMP +140",0,21.1k,[]
60,Mana Capacity,mp_capacity,Passive,,,0,0,self/single,0,0,0,"maxMP +150",0,48.4k,[]
66,Mana Capacity,mp_capacity,Passive,,,0,0,self/single,0,0,0,"maxMP +180",0,119k,[]
72,Mana Capacity,mp_capacity,Passive,,,0,0,self/single,0,0,0,"maxMP +200",0,265k,[]
,,,,,,,,,,,,,,,,,----------------------------Spellcaster Weapon Mastery----------------------------
40,Spellcaster Weapon Mastery,spellcaster_weapon_mastery,Passive,sword|blunt|bow|duals,,0,0,self/single,0,0,0,"m.Atk +23",0,8.63k,[]
44,Spellcaster Weapon Mastery,spellcaster_weapon_mastery,Passive,sword|blunt|bow|duals,,0,0,self/single,0,0,0,"m.Atk +29",0,11.8k,[]
48,Spellcaster Weapon Mastery,spellcaster_weapon_mastery,Passive,sword|blunt|bow|duals,,0,0,self/single,0,0,0,"m.Atk +36",0,12.7k,[]
52,Spellcaster Weapon Mastery,spellcaster_weapon_mastery,Passive,sword|blunt|bow|duals,,0,0,self/single,0,0,0,"m.Atk +45",0,17.5k,[]
56,Spellcaster Weapon Mastery,spellcaster_weapon_mastery,Passive,sword|blunt|bow|duals,,0,0,self/single,0,0,0,"m.Atk +52",0,21.1k,[]
58,Spellcaster Weapon Mastery,spellcaster_weapon_mastery,Passive,sword|blunt|bow|duals,,0,0,self/single,0,0,0,"m.Atk +57",0,26.2k,[]
60,Spellcaster Weapon Mastery,spellcaster_weapon_mastery,Passive,sword|blunt|bow|duals,,0,0,self/single,0,0,0,"m.Atk +62",0,48.4k,[]
62,Spellcaster Weapon Mastery,spellcaster_weapon_mastery,Passive,sword|blunt|bow|duals,,0,0,self/single,0,0,0,"m.Atk +67",0,59.6k,[]
64,Spellcaster Weapon Mastery,spellcaster_weapon_mastery,Passive,sword|blunt|bow|duals,,0,0,self/single,0,0,0,"m.Atk +72",0,73.1k,[]
66,Spellcaster Weapon Mastery,spellcaster_weapon_mastery,Passive,sword|blunt|bow|duals,,0,0,self/single,0,0,0,"m.Atk +77",0,119k,[]
68,Spellcaster Weapon Mastery,spellcaster_weapon_mastery,Passive,sword|blunt|bow|duals,,0,0,self/single,0,0,0,"m.Atk +83",0,145k,[]
70,Spellcaster Weapon Mastery,spellcaster_weapon_mastery,Passive,sword|blunt|bow|duals,,0,0,self/single,0,0,0,"m.Atk +88",0,160k,[]
72,Spellcaster Weapon Mastery,spellcaster_weapon_mastery,Passive,sword|blunt|bow|duals,,0,0,self/single,0,0,0,"m.Atk +94",0,265k,[]
74,Spellcaster Weapon Mastery,spellcaster_weapon_mastery,Passive,sword|blunt|bow|duals,,0,0,self/single,0,0,0,"m.Atk +99",0,388k,[]
,,,,,,,,,,,,,,,,,----------------------------Cooldown Mastery----------------------------
40,Cooldown Mastery,cooldown_mastery,Passive,,,0,0,self/single,0,0,0,"Decreses the reuse delay with 15%",0,8.63k,[]
48,Cooldown Mastery,cooldown_mastery,Passive,,,0,0,self/single,0,0,0,"Decreses the reuse delay with 20%",0,12.7k,[]
,,,,,,,,,,,,,,,,,----------------------------Cast Speed Mastery----------------------------
40,Cast Speed Mastery,cast_speed_mastery,Passive,,,0,0,self/single,0,0,0,"cast speed x1.07",0,8.63k,[]
56,Cast Speed Mastery,cast_speed_mastery,Passive,,,0,0,self/single,0,0,0,"cast speed x1.1",0,21.1k,[]
,,,,,,,,,,,,,,,,,----------------------------MpRegen----------------------------
44,Mp regeneration,mp_regeneration,Passive,,,0,0,self/single,0,0,0,"mpReg +1.9",0,11.8k,[]
52,Mp regeneration,mp_regeneration,Passive,,,0,0,self/single,0,0,0,"mpReg +2.3",0,17.5k,[]
60,Mp regeneration,mp_regeneration,Passive,,,0,0,self/single,0,0,0,"mpReg +2.7",0,48.4k,[]
68,Mp regeneration,mp_regeneration,Passive,,,0,0,self/single,0,0,0,"mpReg +3.1",0,145k,[]
74,Mp regeneration,mp_regeneration,Passive,,,0,0,self/single,0,0,0,"mpReg +3.4",0,388k,[]
,,,,,,,,,,,,,,,,,----------------------------HpRegen----------------------------
44,HP regeneration,hp_regeneration,Passive,,,0,0,self/single,0,0,0,"hpReg +1.6",0,11.8k,[]
52,HP regeneration,hp_regeneration,Passive,,,0,0,self/single,0,0,0,"hpReg +1.7",0,17.5k,[]
58,HP regeneration,hp_regeneration,Passive,,,0,0,self/single,0,0,0,"hpReg +2.1",0,26.2k,[]
64,HP regeneration,hp_regeneration,Passive,,,0,0,self/single,0,0,0,"hpReg +2.6",0,73.1k,[]
74,HP regeneration,hp_regeneration,Passive,,,0,0,self/single,0,0,0,"hpReg +2.7",0,388k,[]
,,,,,,,,,,,,,,,,,----------------------HP Boost----------------------
40,HP Boost,hp_boost,Passive,,,0,0,self/single,0,0,0,"Increase max HP +120",0,8.63k,[],,
44,HP Boost,hp_boost,Passive,,,0,0,self/single,0,0,0,"Increase max HP +200",0,11.8k,[],,
48,HP Boost,hp_boost,Passive,,,0,0,self/single,0,0,0,"Increase max HP +300",0,12.7k,[],,
52,HP Boost,hp_boost,Passive,,,0,0,self/single,0,0,0,"Increase max HP +400",0,17.5k,[],,
56,HP Boost,hp_boost,Passive,,,0,0,self/single,0,0,0,"Increase max HP +500",0,21.1k,[],,
62,HP Boost,hp_boost,Passive,,,0,0,self/single,0,0,0,"Increase max HP +600",0,59.6k,[],,
70,HP Boost,hp_boost,Passive,,,0,0,self/single,0,0,0,"Increase max HP +700",0,160k,[],,
,,,,,,,,,,,,,,,,,----------------------------Combo Mastery (Human)----------------------------
52,Combo Mastery,combo_mastery,Passive,blunt/1,,0,800,party/aoe,0,60,30,"Doing Damage With 3% Chance: attack speed +10% and cast speed +5% for you, half of both (+5%/+2.5%) to the party.",0,15.4k,[],Human,,
64,Combo Mastery,combo_mastery,Passive,blunt/1,,0,800,party/aoe,0,60,30,"Doing Damage With 3% Chance: attack speed +15% and cast speed +10% for you, half of both (+7.5%/+5%) to the party.",0,63.7k,[],Human,,
74,Combo Mastery,combo_mastery,Passive,blunt/1,,0,800,party/aoe,0,60,30,"Doing Damage With 3% Chance: attack speed +20% and cast speed +15% for you, half of both (+10%/+7.5%) to the party.",0,336k,[],Human,,
,,,,,,,,,,,,,,,,,----------------------------Combo Mastery (Demon)----------------------------
52,Combo Mastery,combo_mastery_demon,Passive,blunt/2,,0,800,party/aoe,0,60,30,"Doing Damage With 3.5% Chance: attack speed +10% and cast speed +5% for you, half of both (+5%/+2.5%) to the party.",0,15.1k,[],Demon,,
64,Combo Mastery,combo_mastery_demon,Passive,blunt/2,,0,800,party/aoe,0,60,30,"Doing Damage With 3.5% Chance: attack speed +15% and cast speed +10% for you, half of both (+7.5%/+5%) to the party.",0,62.8k,[],Demon,,
74,Combo Mastery,combo_mastery_demon,Passive,blunt/2,,0,800,party/aoe,0,60,30,"Doing Damage With 3.5% Chance: attack speed +20% and cast speed +15% for you, half of both (+10%/+7.5%) to the party.",0,334k,[],Demon,,
,,,,,,,,,,,,,,,,,----------------------------Combo Mastery (Elf)----------------------------
52,Combo Mastery,combo_mastery_elf,Passive,duals,,0,800,party/aoe,0,60,30,"Doing Damage With 2.6% Chance: attack speed +10% and cast speed +5% for you, half of both (+5%/+2.5%) to the party.",0,23.1k,[],Elf,,
64,Combo Mastery,combo_mastery_elf,Passive,duals,,0,800,party/aoe,0,60,30,"Doing Damage With 2.6% Chance: attack speed +15% and cast speed +10% for you, half of both (+7.5%/+5%) to the party.",0,97.6k,[],Elf,,
74,Combo Mastery,combo_mastery_elf,Passive,duals,,0,800,party/aoe,0,60,30,"Doing Damage With 2.6% Chance: attack speed +20% and cast speed +15% for you, half of both (+10%/+7.5%) to the party.",0,519k,[],Elf,,
,,,,,,,,,,,,,,,,,----------------------------Mana Restoration----------------------------
40,Mana Vampirism,mana_vampirism,Passive,blunt|duals,,0,0,self/single,0,0,0,"+3% mana vampirism (basic atack only), Require: Blunt/Duals",0,8.63k,[],,,Your basic attacks with a blunt weapon or duals restore mana back to you for @{manavamp} of the damage.
60,Mana Vampirism,mana_vampirism,Passive,blunt|duals,,0,0,self/single,0,0,0,"+6% mana vampirism (basic atack only), Require: Blunt/Duals",0,48.4k,[],,,
70,Mana Vampirism,mana_vampirism,Passive,blunt|duals,,0,0,self/single,0,0,0,"+9% mana vampirism (basic atack only), Require: Blunt/Duals",0,160k,[],,,
,,,,,,,,,,,,,,,,,----------------------------Resonant Strikes (BL-335: the basic attack is a MAGIC hit)----------------------------
40,Resonant Strikes,magic_swing,Passive,,,0,0,self/single,0,0,0,basic attack: magic damage with power +12,0,7.56k,[],Human,,"Your basic attacks deal magic damage with power @, crit as spells and are never blocked."
52,Resonant Strikes,magic_swing,Passive,,,0,0,self/single,0,0,0,basic attack: magic damage with power +13,0,15.4k,[],Human,,
58,Resonant Strikes,magic_swing,Passive,,,0,0,self/single,0,0,0,basic attack: magic damage with power +14,0,23k,[],Human,,
40,Resonant Strikes,magic_swing,Passive,,,0,0,self/single,0,0,0,basic attack: magic damage with power +13,0,7.59k,[],Demon,,
52,Resonant Strikes,magic_swing,Passive,,,0,0,self/single,0,0,0,basic attack: magic damage with power +15,0,15.1k,[],Demon,,
60,Resonant Strikes,magic_swing,Passive,,,0,0,self/single,0,0,0,basic attack: magic damage with power +16,0,41.5k,[],Demon,,
64,Resonant Strikes,magic_swing,Passive,,,0,0,self/single,0,0,0,basic attack: magic damage with power +17,0,62.8k,[],Demon,,
40,Resonant Strikes,magic_swing,Passive,,,0,0,self/single,0,0,0,basic attack: magic damage with power +10,0,11.2k,[],Elf,,
52,Resonant Strikes,magic_swing,Passive,,,0,0,self/single,0,0,0,basic attack: magic damage with power +12,0,23.1k,[],Elf,,
,,,,,,,,,,,,,,,,,----------------------------Harmonist Dual Proficiency----------------------------
40,Harmonist Dual Proficiency,harmonist_dual_proficiency,Passive,duals,,0,0,self/single,0,0,0,"Duals: Removed Penalty [cast(x2), mAtk(x2), mAcc(x0.04)]",0,0,[],Elf,,Removes the penalty of equipping duals
,,,,,,,,,,,,,,,,,----------------------------Monster Knowlegee----------------------------
40,Monster Knowledge,monster_knowledge_active,physical buff,,,0,0,self/single,1,5,600,Increase PVE Dmg with 10%,40,26.1k,,
48,Monster Knowledge,monster_knowledge_active,physical buff,,,0,0,self/single,1,5,600,Increase PVE Dmg with 15%,40,38.4k,,
52,Monster Knowledge,monster_knowledge_active,physical buff,,,0,0,self/single,1,5,600,Increase PVE Dmg with 20%,40,53k,,
,,,,,,,,,,,,,,,,,---------------------------------------------------------------------------------------------ACTIVE SUPPORT-------------------------------------------------------------------------------------------------------------------
,,,,,,,,,,,,,,,,,----------------------------Great Heal----------------------------
40,Great Heal,great_heal,Magic/Heal,,,600,0,target/single,5,3,0,heal with power 400,62,39.2k,[heal],,
44,Great Heal,great_heal,Magic/Heal,,,600,0,target/single,5,3,0,heal with power 460,68,53.6k,[heal],,
48,Great Heal,great_heal,Magic/Heal,,,600,0,target/single,5,3,0,heal with power 520,76,57.5k,[heal],,
52,Great Heal,great_heal,Magic/Heal,,,600,0,target/single,5,3,0,heal with power 570,83,79.5k,[heal],,
56,Great Heal,great_heal,Magic/Heal,,,600,0,target/single,5,3,0,heal with power 630,90,96k,[heal],,
58,Great Heal,great_heal,Magic/Heal,,,600,0,target/single,5,3,0,heal with power 660,95,119k,[heal],,
60,Great Heal,great_heal,Magic/Heal,,,600,0,target/single,5,3,0,heal with power 690,98,220k,[heal],,
62,Great Heal,great_heal,Magic/Heal,,,600,0,target/single,5,3,0,heal with power 720,100,271k,[heal],,
64,Great Heal,great_heal,Magic/Heal,,,600,0,target/single,5,3,0,heal with power 750,105,332k,[heal],,
66,Great Heal,great_heal,Magic/Heal,,,600,0,target/single,5,3,0,heal with power 770,108,541k,[heal],,
68,Great Heal,great_heal,Magic/Heal,,,600,0,target/single,5,3,0,heal with power 800,112,660k,[heal],,
,,,,,,,,,,,,,,,,,---------------------------Resurrection---------------------------
40,Resurrection,resurrection,Magic/Heal,,,600,0,target/single,10,10,0,Revive at 30% HP/MP; restore 35% of lost exp.,95,39.2k,[],,
44,Resurrection,resurrection,Magic/Heal,,,600,0,target/single,10,10,0,Revive at 30% HP/MP; restore 40% of lost exp.,100,53.6k,[],,
48,Resurrection,resurrection,Magic/Heal,,,600,0,target/single,10,10,0,Revive at 30% HP/MP; restore 45% of lost exp.,105,57.5k,[],,
52,Resurrection,resurrection,Magic/Heal,,,600,0,target/single,9,10,0,Revive at 30% HP/MP; restore 50% of lost exp.,110,79.5k,[],,
56,Resurrection,resurrection,Magic/Heal,,,600,0,target/single,8,10,0,Revive at 30% HP/MP; restore 55% of lost exp.,115,96k,[],,
58,Resurrection,resurrection,Magic/Heal,,,600,0,target/single,7,10,0,Revive at 30% HP/MP; restore 60% of lost exp.,120,119k,[],,
60,Resurrection,resurrection,Magic/Heal,,,600,0,target/single,6,10,0,Revive at 30% HP/MP; restore 65% of lost exp.,125,220k,[],,
62,Resurrection,resurrection,Magic/Heal,,,600,0,target/single,5,10,0,Revive at 30% HP/MP; restore 70% of lost exp.,130,271k,[],,
64,Resurrection,resurrection,Magic/Heal,,,600,0,target/single,5,10,0,Revive at 30% HP/MP; restore 75% of lost exp.,135,332k,[],,
66,Resurrection,resurrection,Magic/Heal,,,600,0,target/single,5,10,0,Revive at 30% HP/MP; restore 80% of lost exp.,140,541k,[],,
,,,,,,,,,,,,,,,,,---------------------------HOT----------------------------
40,Harmony of Restoration,harmony_of_restoration,Magic/Heal,,,600,800,party/aoe,2,10,30,Restores +30 HP/s for 30s,65,39.2k,[party_heal],,,Restores @ HP[ and @{mpreg} MP] per second to the party for @{duration}.
44,Harmony of Restoration,harmony_of_restoration,Magic/Heal,,,600,800,party/aoe,2,10,30,Restores +40 HP/s for 30s,70,53.6k,[party_heal],,
48,Harmony of Restoration,harmony_of_restoration,Magic/Heal,,,600,800,party/aoe,2,10,30,Restores +45 HP/s for 30s,75,57.5k,[party_heal],,
52,Harmony of Restoration,harmony_of_restoration,Magic/Heal,,,600,800,party/aoe,2,10,30,Restores +50 HP/s for 30s,80,79.5k,[party_heal],,
56,Harmony of Restoration,harmony_of_restoration,Magic/Heal,,,600,800,party/aoe,2,10,30,Restores +55 HP/s for 30s,85,96k,[party_heal],,
58,Harmony of Restoration,harmony_of_restoration,Magic/Heal,,,600,800,party/aoe,2,10,30,Restores +60 HP/s for 30s,90,119k,[party_heal],,
60,Harmony of Restoration,harmony_of_restoration,Magic/Heal,,,600,800,party/aoe,2,10,30,Restores +65 HP/s for 30s,95,220k,[party_heal],,
62,Harmony of Restoration,harmony_of_restoration,Magic/Heal,,,600,800,party/aoe,2,10,30,Restores +70 HP/s for 30s,100,271k,[party_heal],,
64,Harmony of Restoration,harmony_of_restoration,Magic/Heal,,,600,800,party/aoe,2,10,30,Restores +75 HP/s and +1 MP/s for 30s,110,332k,[party_heal],,
66,Harmony of Restoration,harmony_of_restoration,Magic/Heal,,,600,800,party/aoe,2,10,30,Restores +80 HP/s and +2 MP/s for 30s,120,541k,[party_heal],,
68,Harmony of Restoration,harmony_of_restoration,Magic/Heal,,,600,800,party/aoe,2,10,30,Restores +85 HP/s and +3 MP/s for 30s,130,660k,[party_heal],,
70,Harmony of Restoration,harmony_of_restoration,Magic/Heal,,,600,800,party/aoe,2,10,30,Restores +90 HP/s and +4 MP/s for 30s,140,729k,[party_heal],,
72,Harmony of Restoration,harmony_of_restoration,Magic/Heal,,,600,800,party/aoe,2,10,30,Restores +95 HP/s and +5 MP/s for 30s,150,1200k,[party_heal],,
74,Harmony of Restoration,harmony_of_restoration,Magic/Heal,,,600,800,party/aoe,2,10,30,Restores +100 HP/s and +10 MP/s for 30s,280,1760k,[party_heal],,
,,,,,,,,,,,,,,,,,---------------------------------------------------------------------------------------------ACTIVE PHYSICAL-------------------------------------------------------------------------------------------------------------------
,,,,,,,,,,,,,,,,,----------------------------Magic Stab----------------------------
40,Magic Stab,magic_stab,Magic/Dmg,duals,,40,0,enemy/single,3,5,0,"Deals magic damage with power +63 (high fail chance: +59 fail points), Require: Duals; Power in PVP x0.5;",62,51.1k,[holy_bolt holy_spike frost_spikes],Elf,,A thrust of focused sound for magic power @. It fails far more often than other spells.
48,Magic Stab,magic_stab,Magic/Dmg,duals,,40,0,enemy/single,3,5,0,"Deals magic damage with power +78 (high fail chance: +59 fail points), Require: Duals; Power in PVP x0.5;",76,75.3k,[],Elf,,
52,Magic Stab,magic_stab,Magic/Dmg,duals,,40,0,enemy/single,3,5,0,"Deals magic damage with power +86 (high fail chance: +59 fail points), Require: Duals; Power in PVP x0.5;",83,105k,[],Elf,,
56,Magic Stab,magic_stab,Magic/Dmg,duals,,40,0,enemy/single,3,5,0,"Deals magic damage with power +95 (high fail chance: +59 fail points), Require: Duals; Power in PVP x0.5;",90,128k,[],Elf,,
58,Magic Stab,magic_stab,Magic/Dmg,duals,,40,0,enemy/single,3,5,0,"Deals magic damage with power +99 (high fail chance: +59 fail points), Require: Duals; Power in PVP x0.5;",95,158k,[],Elf,,
60,Magic Stab,magic_stab,Magic/Dmg,duals,,40,0,enemy/single,3,5,0,"Deals magic damage with power +102 (high fail chance: +59 fail points), Require: Duals; Power in PVP x0.5;",98,293k,[],Elf,,
62,Magic Stab,magic_stab,Magic/Dmg,duals,,40,0,enemy/single,3,5,0,"Deals magic damage with power +107 (high fail chance: +59 fail points), Require: Duals; Power in PVP x0.5;",100,361k,[],Elf,,
64,Magic Stab,magic_stab,Magic/Dmg,duals,,40,0,enemy/single,3,5,0,"Deals magic damage with power +111 (high fail chance: +59 fail points), Require: Duals; Power in PVP x0.5;",105,444k,[],Elf,,
66,Magic Stab,magic_stab,Magic/Dmg,duals,,40,0,enemy/single,3,5,0,"Deals magic damage with power +116 (high fail chance: +59 fail points), Require: Duals; Power in PVP x0.5;",108,724k,[],Elf,,
68,Magic Stab,magic_stab,Magic/Dmg,duals,,40,0,enemy/single,3,5,0,"Deals magic damage with power +119 (high fail chance: +59 fail points), Require: Duals; Power in PVP x0.5;",112,884k,[],Elf,,
70,Magic Stab,magic_stab,Magic/Dmg,duals,,40,0,enemy/single,3,5,0,"Deals magic damage with power +123 (high fail chance: +59 fail points), Require: Duals; Power in PVP x0.5;",114,976k,[],Elf,,
72,Magic Stab,magic_stab,Magic/Dmg,duals,,40,0,enemy/single,3,5,0,"Deals magic damage with power +126 (high fail chance: +59 fail points), Require: Duals; Power in PVP x0.5;",117,1610k,[],Elf,,
74,Magic Stab,magic_stab,Magic/Dmg,duals,,40,0,enemy/single,3,5,0,"Deals magic damage with power +131 (high fail chance: +59 fail points), Require: Duals; Power in PVP x0.5;",120,2360k,[],Elf,,
,,,,,,,,,,,,,,,,,---------------------------------------------------------------------------------------------ACTIVE PHYSICAL-------------------------------------------------------------------------------------------------------------------
,,,,,,,,,,,,,,,,,----------------------------Sound Smash--------------------------------------
40,Sound Smash,sound_smash,Magic/Dmg,blunt,,40,0,enemy/single,1,10,0,"Deals magic damage with power +42, Require: Blunt; Power in PVP x0.5;",36,34.4k,[holy_spike holy_bolt human_vampiric_bolt],Human;Demon,,Strikes with a blow of sound for magic power @.
48,Sound Smash,sound_smash,Magic/Dmg,blunt,,40,0,enemy/single,1,10,0,"Deals magic damage with power +52, Require: Blunt; Power in PVP x0.5;",43,50.2k,[],Human;Demon,,
52,Sound Smash,sound_smash,Magic/Dmg,blunt,,40,0,enemy/single,1,10,0,"Deals magic damage with power +57, Require: Blunt; Power in PVP x0.5;",47,69.3k,[],Human;Demon,,
56,Sound Smash,sound_smash,Magic/Dmg,blunt,,40,0,enemy/single,1,10,0,"Deals magic damage with power +63, Require: Blunt; Power in PVP x0.5;",50,83.2k,[],Human;Demon,,
58,Sound Smash,sound_smash,Magic/Dmg,blunt,,40,0,enemy/single,1,10,0,"Deals magic damage with power +66, Require: Blunt; Power in PVP x0.5;",55,103k,[],Human;Demon,,
60,Sound Smash,sound_smash,Magic/Dmg,blunt,,40,0,enemy/single,1,10,0,"Deals magic damage with power +68, Require: Blunt; Power in PVP x0.5;",56,191k,[],Human;Demon,,
62,Sound Smash,sound_smash,Magic/Dmg,blunt,,40,0,enemy/single,1,10,0,"Deals magic damage with power +71, Require: Blunt; Power in PVP x0.5;",58,235k,[],Human;Demon,,
64,Sound Smash,sound_smash,Magic/Dmg,blunt,,40,0,enemy/single,1,10,0,"Deals magic damage with power +74, Require: Blunt; Power in PVP x0.5;",62,287k,[],Human;Demon,,
66,Sound Smash,sound_smash,Magic/Dmg,blunt,,40,0,enemy/single,1,10,0,"Deals magic damage with power +77, Require: Blunt; Power in PVP x0.5;",65,468k,[],Human;Demon,,
68,Sound Smash,sound_smash,Magic/Dmg,blunt,,40,0,enemy/single,1,10,0,"Deals magic damage with power +79, Require: Blunt; Power in PVP x0.5;",68,570k,[],Human;Demon,,
70,Sound Smash,sound_smash,Magic/Dmg,blunt,,40,0,enemy/single,1,10,0,"Deals magic damage with power +82, Require: Blunt; Power in PVP x0.5;",70,630k,[],Human;Demon,,
72,Sound Smash,sound_smash,Magic/Dmg,blunt,,40,0,enemy/single,1,10,0,"Deals magic damage with power +84, Require: Blunt; Power in PVP x0.5;",75,1040k,[],Human;Demon,,
74,Sound Smash,sound_smash,Magic/Dmg,blunt,,40,0,enemy/single,1,10,0,"Deals magic damage with power +87, Require: Blunt; Power in PVP x0.5;",78,1520k,[],Human;Demon,,
,,,,,,,,,,,,,,,,,----------------------------Acoustic Shock----------------------------
40,Acoustic Shock,acoustic_shock,Magic/Dmg,blunt/2,,40,0,enemy/single,1,10,5,"Deals magic damage with power +42 and Stuns for 5s, Require: Blunt; Power in PVP x0.5;",36,34.5k,[],Demon,,Strikes with sound for magic power @ and stuns for @{duration}.
48,Acoustic Shock,acoustic_shock,Magic/Dmg,blunt/2,,40,0,enemy/single,1,10,5,"Deals magic damage with power +52 and Stuns for 5s, Require: Blunt; Power in PVP x0.5;",43,50.1k,[],Demon,,
52,Acoustic Shock,acoustic_shock,Magic/Dmg,blunt/2,,40,0,enemy/single,1,10,5,"Deals magic damage with power +57 and Stuns for 5s, Require: Blunt; Power in PVP x0.5;",47,68.7k,[],Demon,,
56,Acoustic Shock,acoustic_shock,Magic/Dmg,blunt/2,,40,0,enemy/single,1,10,5,"Deals magic damage with power +63 and Stuns for 5s, Require: Blunt; Power in PVP x0.5;",50,82.1k,[],Demon,,
58,Acoustic Shock,acoustic_shock,Magic/Dmg,blunt/2,,40,0,enemy/single,1,10,5,"Deals magic damage with power +66 and Stuns for 5s, Require: Blunt; Power in PVP x0.5;",55,102k,[],Demon,,
60,Acoustic Shock,acoustic_shock,Magic/Dmg,blunt/2,,40,0,enemy/single,1,10,5,"Deals magic damage with power +68 and Stuns for 5s, Require: Blunt; Power in PVP x0.5;",56,189k,[],Demon,,
62,Acoustic Shock,acoustic_shock,Magic/Dmg,blunt/2,,40,0,enemy/single,1,10,5,"Deals magic damage with power +71 and Stuns for 5s, Require: Blunt; Power in PVP x0.5;",58,233k,[],Demon,,
64,Acoustic Shock,acoustic_shock,Magic/Dmg,blunt/2,,40,0,enemy/single,1,10,5,"Deals magic damage with power +74 and Stuns for 5s, Require: Blunt; Power in PVP x0.5;",62,286k,[],Demon,,
66,Acoustic Shock,acoustic_shock,Magic/Dmg,blunt/2,,40,0,enemy/single,1,10,5,"Deals magic damage with power +77 and Stuns for 5s, Require: Blunt; Power in PVP x0.5;",65,466k,[],Demon,,
68,Acoustic Shock,acoustic_shock,Magic/Dmg,blunt/2,,40,0,enemy/single,1,10,5,"Deals magic damage with power +79 and Stuns for 5s, Require: Blunt; Power in PVP x0.5;",68,569k,[],Demon,,
70,Acoustic Shock,acoustic_shock,Magic/Dmg,blunt/2,,40,0,enemy/single,1,10,5,"Deals magic damage with power +82 and Stuns for 5s, Require: Blunt; Power in PVP x0.5;",70,628k,[],Demon,,
72,Acoustic Shock,acoustic_shock,Magic/Dmg,blunt/2,,40,0,enemy/single,1,10,5,"Deals magic damage with power +84 and Stuns for 5s, Require: Blunt; Power in PVP x0.5;",75,1040k,[],Demon,,
74,Acoustic Shock,acoustic_shock,Magic/Dmg,blunt/2,,40,0,enemy/single,1,10,5,"Deals magic damage with power +87 and Stuns for 5s, Require: Blunt; Power in PVP x0.5;",78,1520k,[],Demon,,
,,,,,,,,,,,,,,,,,----------------------------Acoustic Bash----------------------------
40,Acoustic Bash,acoustic_bash,Magic/Debuff,,/shield,40,0,enemy/single,1,10,5,"Stuns for 5s; aggro 3250 (paid even if the stun fails), Require: Shield;",36,34.4k,[],Human,,A ringing blow off your shield: it stuns for @{duration} and turns the target on you.
48,Acoustic Bash,acoustic_bash,Magic/Debuff,,/shield,40,0,enemy/single,1,10,5,"Stuns for 5s; aggro 3750 (paid even if the stun fails), Require: Shield;",43,50.3k,[],Human,,
52,Acoustic Bash,acoustic_bash,Magic/Debuff,,/shield,40,0,enemy/single,1,10,5,"Stuns for 5s; aggro 4250 (paid even if the stun fails), Require: Shield;",47,69.8k,[],Human,,
56,Acoustic Bash,acoustic_bash,Magic/Debuff,,/shield,40,0,enemy/single,1,10,5,"Stuns for 5s; aggro 4500 (paid even if the stun fails), Require: Shield;",50,84.4k,[],Human,,
58,Acoustic Bash,acoustic_bash,Magic/Debuff,,/shield,40,0,enemy/single,1,10,5,"Stuns for 5s; aggro 4750 (paid even if the stun fails), Require: Shield;",55,104k,[],Human,,
60,Acoustic Bash,acoustic_bash,Magic/Debuff,,/shield,40,0,enemy/single,1,10,5,"Stuns for 5s; aggro 5000 (paid even if the stun fails), Require: Shield;",56,193k,[],Human,,
62,Acoustic Bash,acoustic_bash,Magic/Debuff,,/shield,40,0,enemy/single,1,10,5,"Stuns for 5s; aggro 5250 (paid even if the stun fails), Require: Shield;",58,237k,[],Human,,
64,Acoustic Bash,acoustic_bash,Magic/Debuff,,/shield,40,0,enemy/single,1,10,5,"Stuns for 5s; aggro 5500 (paid even if the stun fails), Require: Shield;",62,289k,[],Human,,
66,Acoustic Bash,acoustic_bash,Magic/Debuff,,/shield,40,0,enemy/single,1,10,5,"Stuns for 5s; aggro 5600 (paid even if the stun fails), Require: Shield;",65,471k,[],Human,,
68,Acoustic Bash,acoustic_bash,Magic/Debuff,,/shield,40,0,enemy/single,1,10,5,"Stuns for 5s; aggro 5700 (paid even if the stun fails), Require: Shield;",68,572k,[],Human,,
70,Acoustic Bash,acoustic_bash,Magic/Debuff,,/shield,40,0,enemy/single,1,10,5,"Stuns for 5s; aggro 5800 (paid even if the stun fails), Require: Shield;",70,632k,[],Human,,
72,Acoustic Bash,acoustic_bash,Magic/Debuff,,/shield,40,0,enemy/single,1,10,5,"Stuns for 5s; aggro 5900 (paid even if the stun fails), Require: Shield;",75,1040k,[],Human,,
74,Acoustic Bash,acoustic_bash,Magic/Debuff,,/shield,40,0,enemy/single,1,10,5,"Stuns for 5s; aggro 6000 (paid even if the stun fails), Require: Shield;",78,1530k,[],Human,,
,,,,,,,,,,,,,,,,,---------------------------------------------------------------------------------------------ACTIVE PHYSICAL-------------------------------------------------------------------------------------------------------------------
,,,,,,,,,,,,,,,,,---------------------------------------------------------------------------------------------ACTIVE TOGGLE-------------------------------------------------------------------------------------------------------------------
,,,,,,,,,,,,,,,,,----------------------------Reinforcement (Human)----------------------------
40,Reinforcement,reinforcement,Toggle,,,0,0,self/single,0,0,0,"P.Def +22%, P.Crit Damage Resist 15%; MP Consumption +15%",2,22.9k,[],Human,,
48,Reinforcement,reinforcement,Toggle,,,0,0,self/single,0,0,0,"P.Def +22.5%, P.Crit Damage Resist 15%; MP Consumption +15%",2,33.5k,[],Human,,
52,Reinforcement,reinforcement,Toggle,,,0,0,self/single,0,0,0,"P.Def +23%, P.Crit Damage Resist 15%; MP Consumption +15%",3,46.5k,[],Human,,
56,Reinforcement,reinforcement,Toggle,,,0,0,self/single,0,0,0,"P.Def +23.5%, P.Crit Damage Resist 15%; MP Consumption +15%",3,56.3k,[],Human,,
58,Reinforcement,reinforcement,Toggle,,,0,0,self/single,0,0,0,"P.Def +24%, P.Crit Damage Resist 15%; MP Consumption +15%",4,69.6k,[],Human,,
60,Reinforcement,reinforcement,Toggle,,,0,0,self/single,0,0,0,"P.Def +24.5%, P.Crit Damage Resist 15%, Bow Resistance 16%; MP Consumption +15%",4,129k,[],Human,,
62,Reinforcement,reinforcement,Toggle,,,0,0,self/single,0,0,0,"P.Def +25%, P.Crit Damage Resist 15%, Bow Resistance 16%; MP Consumption +15%",5,158k,[],Human,,
64,Reinforcement,reinforcement,Toggle,,,0,0,self/single,0,0,0,"P.Def +25.5%, P.Crit Damage Resist 15%, Bow Resistance 16%; MP Consumption +15%",5,193k,[],Human,,
66,Reinforcement,reinforcement,Toggle,,,0,0,self/single,0,0,0,"P.Def +26%, P.Crit Damage Resist 15%, Bow Resistance 16%; MP Consumption +15%",6,314k,[],Human,,
68,Reinforcement,reinforcement,Toggle,,,0,0,self/single,0,0,0,"P.Def +26.5%, P.Crit Damage Resist 15%, Bow Resistance 16%; MP Consumption +15%",6,381k,[],Human,,
70,Reinforcement,reinforcement,Toggle,,,0,0,self/single,0,0,0,"P.Def +27%, P.Crit Damage Resist 15%, Bow Resistance 16%; MP Consumption +15%",7,421k,[],Human,,
72,Reinforcement,reinforcement,Toggle,,,0,0,self/single,0,0,0,"P.Def +27.5%, P.Crit Damage Resist 15%, Bow Resistance 16%; MP Consumption +15%",7,696k,[],Human,,
74,Reinforcement,reinforcement,Toggle,,,0,0,self/single,0,0,0,"P.Def +28%, P.Crit Damage Resist 15%, Bow Resistance 16%; MP Consumption +15%",8,1020k,[],Human,,
,,,,,,,,,,,,,,,,,----------------------------Reinforcement (Demon)----------------------------
40,Reinforcement,reinforcement_demon,Toggle,,,0,0,self/single,0,0,0,"P.Def +22%, P.Crit Rate Resist 8%, P.Crit Damage Resist 8%; MP Consumption +15%",2,23k,[],Demon,,
48,Reinforcement,reinforcement_demon,Toggle,,,0,0,self/single,0,0,0,"P.Def +22.5%, P.Crit Rate Resist 8%, P.Crit Damage Resist 8%; MP Consumption +15%",2,33.4k,[],Demon,,
52,Reinforcement,reinforcement_demon,Toggle,,,0,0,self/single,0,0,0,"P.Def +23%, P.Crit Rate Resist 8%, P.Crit Damage Resist 8%; MP Consumption +15%",3,45.8k,[],Demon,,
56,Reinforcement,reinforcement_demon,Toggle,,,0,0,self/single,0,0,0,"P.Def +23.5%, P.Crit Rate Resist 8%, P.Crit Damage Resist 8%; MP Consumption +15%",3,54.7k,[],Demon,,
58,Reinforcement,reinforcement_demon,Toggle,,,0,0,self/single,0,0,0,"P.Def +24%, P.Crit Rate Resist 8%, P.Crit Damage Resist 8%; MP Consumption +15%",4,67.9k,[],Demon,,
60,Reinforcement,reinforcement_demon,Toggle,,,0,0,self/single,0,0,0,"P.Def +24.5%, P.Crit Rate Resist 8%, P.Crit Damage Resist 8%; MP Consumption +15%",4,126k,[],Demon,,
62,Reinforcement,reinforcement_demon,Toggle,,,0,0,self/single,0,0,0,"P.Def +25%, P.Crit Rate Resist 8%, P.Crit Damage Resist 8%; MP Consumption +15%",5,155k,[],Demon,,
64,Reinforcement,reinforcement_demon,Toggle,,,0,0,self/single,0,0,0,"P.Def +25.5%, P.Crit Rate Resist 8%, P.Crit Damage Resist 8%; MP Consumption +15%",5,190k,[],Demon,,
66,Reinforcement,reinforcement_demon,Toggle,,,0,0,self/single,0,0,0,"P.Def +26%, P.Crit Rate Resist 8%, P.Crit Damage Resist 8%; MP Consumption +15%",6,311k,[],Demon,,
68,Reinforcement,reinforcement_demon,Toggle,,,0,0,self/single,0,0,0,"P.Def +26.5%, P.Crit Rate Resist 8%, P.Crit Damage Resist 8%; MP Consumption +15%",6,379k,[],Demon,,
70,Reinforcement,reinforcement_demon,Toggle,,,0,0,self/single,0,0,0,"P.Def +27%, P.Crit Rate Resist 8%, P.Crit Damage Resist 8%; MP Consumption +15%",7,419k,[],Demon,,
72,Reinforcement,reinforcement_demon,Toggle,,,0,0,self/single,0,0,0,"P.Def +27.5%, P.Crit Rate Resist 8%, P.Crit Damage Resist 8%; MP Consumption +15%",7,691k,[],Demon,,
74,Reinforcement,reinforcement_demon,Toggle,,,0,0,self/single,0,0,0,"P.Def +28%, P.Crit Rate Resist 8%, P.Crit Damage Resist 8%; MP Consumption +15%",8,1010k,[],Demon,,
,,,,,,,,,,,,,,,,,----------------------------Reinforcement (Elf)----------------------------
40,Reinforcement,reinforcement_elf,Toggle,,,0,0,self/single,0,0,0,"P.Def +9%, P.Crit Rate Resist 15%; MP Consumption +15%",2,34.1k,[],Elf,,
48,Reinforcement,reinforcement_elf,Toggle,,,0,0,self/single,0,0,0,"P.Def +9.25%, P.Crit Rate Resist 15%; MP Consumption +15%",2,50.2k,[],Elf,,
52,Reinforcement,reinforcement_elf,Toggle,,,0,0,self/single,0,0,0,"P.Def +9.5%, P.Crit Rate Resist 15%; MP Consumption +15%",3,69.9k,[],Elf,,
56,Reinforcement,reinforcement_elf,Toggle,,,0,0,self/single,0,0,0,"P.Def +9.75%, P.Crit Rate Resist 15%; MP Consumption +15%",3,85k,[],Elf,,
58,Reinforcement,reinforcement_elf,Toggle,,,0,0,self/single,0,0,0,"P.Def +10%, P.Crit Rate Resist 15%; MP Consumption +15%",4,105k,[],Elf,,
60,Reinforcement,reinforcement_elf,Toggle,,,0,0,self/single,0,0,0,"P.Def +10.25%, P.Crit Rate Resist 15%; MP Consumption +15%",4,196k,[],Elf,,
62,Reinforcement,reinforcement_elf,Toggle,,,0,0,self/single,0,0,0,"P.Def +10.5%, P.Crit Rate Resist 15%; MP Consumption +15%",5,241k,[],Elf,,
64,Reinforcement,reinforcement_elf,Toggle,,,0,0,self/single,0,0,0,"P.Def +10.75%, P.Crit Rate Resist 15%; MP Consumption +15%",5,296k,[],Elf,,
66,Reinforcement,reinforcement_elf,Toggle,,,0,0,self/single,0,0,0,"P.Def +11%, P.Crit Rate Resist 15%; MP Consumption +15%",6,483k,[],Elf,,
68,Reinforcement,reinforcement_elf,Toggle,,,0,0,self/single,0,0,0,"P.Def +11.25%, P.Crit Rate Resist 15%; MP Consumption +15%",6,589k,[],Elf,,
70,Reinforcement,reinforcement_elf,Toggle,,,0,0,self/single,0,0,0,"P.Def +11.5%, P.Crit Rate Resist 15%; MP Consumption +15%",7,651k,[],Elf,,
72,Reinforcement,reinforcement_elf,Toggle,,,0,0,self/single,0,0,0,"P.Def +11.75%, P.Crit Rate Resist 15%; MP Consumption +15%",7,1070k,[],Elf,,
74,Reinforcement,reinforcement_elf,Toggle,,,0,0,self/single,0,0,0,"P.Def +12%, P.Crit Rate Resist 15%; MP Consumption +15%",8,1570k,[],Elf,,
,,,,,,,,,,,,,,,,,----------------------------Sharpening (Human)----------------------------
40,Sharpening,sharpening,Toggle,,/shield,0,0,self/single,0,0,0,"Shield Reduction +15%, Shield Rate +50%; MP Consumption +15%",2,22.9k,[],Human,,
60,Sharpening,sharpening,Toggle,,/shield,0,0,self/single,0,0,0,"Shield Reduction +20%, Shield Rate +70%; MP Consumption +15%",4,129k,[],Human,,
70,Sharpening,sharpening,Toggle,,/shield,0,0,self/single,0,0,0,"Shield Reduction +25%, Shield Rate +85%, P.Def +10%; MP Consumption +15%",7,421k,[],Human,,
,,,,,,,,,,,,,,,,,----------------------------Sharpening (Demon)----------------------------
40,Sharpening,sharpening_demon,Toggle,blunt/2,,0,0,self/single,0,0,0,"P.Accuracy +4, M.Accuracy +1; MP Consumption +15%",2,23k,[],Demon,,"P.Accuracy +@{acc}, M.Accuracy +@{macc}[, PVE/PVP spell power +@{pvedmg}][, P.Def +@{pdef}]; MP Consumption +15%"
60,Sharpening,sharpening_demon,Toggle,blunt/2,,0,0,self/single,0,0,0,"P.Accuracy +5, M.Accuracy +2, PVE spell power +2%, PVP spell power +2%; MP Consumption +15%",4,126k,[],Demon,,
70,Sharpening,sharpening_demon,Toggle,blunt/2,,0,0,self/single,0,0,0,"P.Accuracy +6, M.Accuracy +3, PVE spell power +4%, PVP spell power +4%, P.Def +5%; MP Consumption +15%",7,419k,[],Demon,,
,,,,,,,,,,,,,,,,,----------------------------Sharpening (Elf)----------------------------
40,Sharpening,sharpening_elf,Toggle,duals,,0,0,self/single,0,0,0,"Evasion +5, PVE spell power +4%, PVP spell power +4%, M.Acc +20; MP Consumption +15%",2,34.1k,[],Elf,,"Evasion +@{eva}, PVE/PVP spell power +@{pvedmg}, M.Acc +20; MP Consumption +15%"
60,Sharpening,sharpening_elf,Toggle,duals,,0,0,self/single,0,0,0,"Evasion +7, PVE spell power +6%, PVP spell power +6%, M.Acc +20; MP Consumption +15%",4,196k,[],Elf,,
70,Sharpening,sharpening_elf,Toggle,duals,,0,0,self/single,0,0,0,"Evasion +9, PVE spell power +8%, PVP spell power +8%, M.Acc +20; MP Consumption +15%",7,651k,[],Elf,,
,,,,,,,,,,,,,,,,,---------------------------------------------------------------------------------------------BUFFS AND GROUPS-------------------------------------------------------------------------------------------------------------------
,,,,,,,,,,,,,,,,,---------------------------------------------------------------------------------------------Frenzy-------------------------------------------------------------------------------------------------------------------
,,,,,,,,,,,,,,,,,------------------------------Frenzy------------------------------
52,Frenzy,holy_frenzy,Magic/Buff,,,600,0,party/single,1,1,1200,"-10% Max HP/MP, +8% offence and speed, +8 move, -8 evasion.",80,53k,[],,
,,,,,,,,,,,,,,,,,------------------------------Frenzy------------------------------
56,War Frenzy,madness,Magic/Buff,,,600,800,party/aoe,1,1,1200,"-10% Max HP/MP, +8% offence and speed, +8 move, -8 evasion.",165,64k,[holy_frenzy cast_frenzy],,,"Drives you and nearby allies to fight recklessly: -@{maxhp} Max HP/MP, but +@{patk} P.Atk / M.Atk / attack & cast speed, +@{ms} Move Speed and -@{eva} Evasion."
,,,,,,,,,,,,,,,,,---------------------------------------------------------------------------------------------Great Bulwark-------------------------------------------------------------------------------------------------------------------
,,,,,,,,,,,,,,,,,--------------------------Great Bulwark--------------------------
58,Great Bulwark,great_bulwark,Magic/Buff,,,600,0,party/single,1,1,1200,+5% P.Def. Does not stack with Other Great Might|Bulwark effects.,90,79.3k,[],,Does not stack ('Great Might'|'Great Group Might'|'Great Group Bulwark')
66,Great Bulwark,great_bulwark,Magic/Buff,,,600,0,party/single,1,1,1200,+10% P.Def. Does not stack with Other Great Might|Bulwark effects.,110,361k,[],,
72,Great Bulwark,great_bulwark,Magic/Buff,,,600,0,party/single,1,1,1200,+15% P.Def. Does not stack with Other Great Might|Bulwark effects.,125,803k,[],,
,,,,,,,,,,,,,,,,,--------------------------Great War Bulwark--------------------------
74,War Bulwark,war_bulwark,Magic/Buff,,,600,800,party/aoe,1,1,1200,+15% P.Def. Does not stack with Other Great Might|Bulwark effects.,255,1180k,[great_bulwark],,,"+@{pdef} P.Def for the whole party, on top of Bulwark. Does not stack with War Might or Great Might — an ally carries one, never both."
,,,,,,,,,,,,,,,,,---------------------------------------------------------------------------------------------Great Might-------------------------------------------------------------------------------------------------------------------
,,,,,,,,,,,,,,,,,----------------------------Great Might----------------------------
58,Great Might,great_might,Magic/Buff,,,600,0,party/single,1,1,1200,+5% P.Atk. Does not stack with Other Great Might|Bulwark effects.,90,79.3k,[],,Does not stack ('Great Bulwark'|'Great Group Bulwark'|'Great Group Might')
66,Great Might,great_might,Magic/Buff,,,600,0,party/single,1,1,1200,+7% P.Atk. Does not stack with Other Great Might|Bulwark effects.,110,361k,[],,
72,Great Might,great_might,Magic/Buff,,,600,0,party/single,1,1,1200,+10% P.Atk. Does not stack with Other Great Might|Bulwark effects.,125,803k,[],,
,,,,,,,,,,,,,,,,,----------------------------Great War Might----------------------------
74,War Might,war_might,Magic/Buff,,,600,800,party/aoe,1,1,1200,+10% P.Atk. Does not stack with Other Great Might|Bulwark effects.,255,1180k,[great_might],,,"+@{patk} P.Atk for the whole party, on top of Might. Does not stack with War Bulwark or Great Bulwark — an ally carries one, never both."
,,,,,,,,,,,,,,,,,---------------------------------------------------------------------------------------------Shield Harden & Shield Bless-------------------------------------------------------------------------------------------------------------------
,,,,,,,,,,,,,,,,,---------------------------Shield Blessing---------------------------
40,Shield Blessing,cast_shield_block,Magic/Buff,,,600,0,party/single,1,1,1200,Increases Shield Rate with 5%,60,26.1k,[],,
48,Shield Blessing,cast_shield_block,Magic/Buff,,,600,0,party/single,1,1,1200,Increases Shield Rate with 10%,75,38.4k,[],,
56,Shield Blessing,cast_shield_block,Magic/Buff,,,600,0,party/single,1,1,1200,Increases Shield Rate with 15%,85,64k,[],,
62,Shield Blessing,cast_shield_block,Magic/Buff,,,600,0,party/single,1,1,1200,Increases Shield Rate with 20%,100,181k,[],,
66,Shield Blessing,cast_shield_block,Magic/Buff,,,600,0,party/single,1,1,1200,Increases Shield Rate with 25%,110,361k,[],,
70,Shield Blessing,cast_shield_block,Magic/Buff,,,600,0,party/single,1,1,1200,Increases Shield Rate with 30%,120,486k,[],,
,,,,,,,,,,,,,,,,,--------------------------Shield Harden--------------------------
58,Shield Hardening,cast_shield_def,Magic/Buff,,,600,0,party/single,1,1,1200,Increases Shield Dmg Reduction with 15%,90,79.3k,[],,
66,Shield Hardening,cast_shield_def,Magic/Buff,,,600,0,party/single,1,1,1200,Increases Shield Dmg Reduction with 20%,110,361k,[],,
72,Shield Hardening,cast_shield_def,Magic/Buff,,,600,0,party/single,1,1,1200,Increases Shield Dmg Reduction with 25%,125,803k,[],,
,,,,,,,,,,,,,,,,,--------------------------Shield Reinforcement--------------------------
74,Shield Reinforcement,wc_shield_reinforcement,Magic/Buff,,,600,800,party/aoe,1,1,1200,"Increases Shield Dmg Reduction with 25%, and Rate with 30%",375,1180k,[cast_shield_def cast_shield_block],,,+50% shield P.Def and +@{blockrate} block chance. Does nothing for anyone not carrying a shield. Blesses you and nearby allies.
,,,,,,,,,,,,,,,,,---------------------------------------------------------------------------------------------Aim & Focus & Ferocity-------------------------------------------------------------------------------------------------------------------
,,,,,,,,,,,,,,,,,------------------------------Focus------------------------------
44,Focus,cast_crit_rate,Magic/Buff,,,600,0,party/single,1,1,1200,+25% critical rate.,72,35.8k,[],,
52,Focus,cast_crit_rate,Magic/Buff,,,600,0,party/single,1,1,1200,+30% critical rate.,80,53k,[],,
,,,,,,,,,,,,,,,,,--------------------------------Aim--------------------------------
40,Aim,cast_accuracy,Magic/Buff,,,600,0,party/single,1,1,1200,+2 Accuracy.,60,26.1k,[],,
48,Aim,cast_accuracy,Magic/Buff,,,600,0,party/single,1,1,1200,+3 Accuracy.,75,38.4k,[],,
56,Aim,cast_accuracy,Magic/Buff,,,600,0,party/single,1,1,1200,+4 Accuracy.,85,64k,[],,
,,,,,,,,,,,,,,,,,-----------------------------Ferocity-----------------------------
40,Ferocity,cast_crit_dmg,Magic/Buff,,,600,0,party/single,1,1,1200,+25% critical damage.,60,26.1k,[],,
48,Ferocity,cast_crit_dmg,Magic/Buff,,,600,0,party/single,1,1,1200,+30% critical damage.,75,38.4k,[],,
56,Ferocity,cast_crit_dmg,Magic/Buff,,,600,0,party/single,1,1,1200,+35% critical damage.,85,64k,[],,
,,,,,,,,,,,,,,,,,------------------------------Feral Precision------------------------------
58,Feral Precision,wc_feral_precision,Magic/Buff,,,600,800,party/aoe,1,1,1200,"+30% critical rate, +35% critical damage, +4 accuracy",340,79.3k,[cast_crit_rate cast_crit_dmg cast_accuracy],,,"+@{critrate} critical rate, +@{critdmg} critical damage, +@{acc} accuracy. Blesses you and nearby allies."
,,,,,,,,,,,,,,,,,---------------------------------------------------------------------------------------------Might & Fury & Vampirism-------------------------------------------------------------------------------------------------------------------
,,,,,,,,,,,,,,,,,------------------------------Might------------------------------
40,Might,cast_atk_phys,Magic/Buff,,,600,0,party/single,1,1,1200,+15% P.Atk.,60,26.1k,[],,
,,,,,,,,,,,,,,,,,------------------------------Fury------------------------------
44,Fury,cast_spd_as,Magic/Buff,,,600,0,party/single,1,1,1200,+15% Attack Speed.,72,35.8k,[],,
52,Fury,cast_spd_as,Magic/Buff,,,600,0,party/single,1,1,1200,+33% Attack Speed.,80,53k,[],,
,,,,,,,,,,,,,,,,,----------------------------Vampirism----------------------------
44,Vampirism,cast_vamp,Magic/Buff,,,600,0,party/single,1,1,1200,+7% melee vampirism.,72,35.8k,[],,
58,Vampirism,cast_vamp,Magic/Buff,,,600,0,party/single,1,1,1200,+8% melee vampirism.,90,79.3k,[],,
72,Vampirism,cast_vamp,Magic/Buff,,,600,0,party/single,1,1,1200,+9% melee vampirism.,125,803k,[],,
,,,,,,,,,,,,,,,,,------------------------------Feral Bloodlust------------------------------
74,Feral Bloodlust,wc_feral_bloodlust,Magic/Buff,,,600,800,party/aoe,1,1,1200,"+15% P.Atk, Attack Speed +33%, 9% melee vampirism.",395,1180k,[cast_atk_phys cast_spd_as cast_vamp],,,"+@{patk} P.Atk, +@{as} attack speed, @{vamp} melee vampirism. Blesses you and nearby allies."
,,,,,,,,,,,,,,,,,---------------------------------------------------------------------------------------------Force & Insight-------------------------------------------------------------------------------------------------------------------
,,,,,,,,,,,,,,,,,------------------------------Force------------------------------
44,Force,cast_atk_mag,Magic/Buff,,,600,0,party/single,1,1,1200,+28% M.Atk.,72,35.8k,[],,
52,Force,cast_atk_mag,Magic/Buff,,,600,0,party/single,1,1,1200,+32% M.Atk.,80,53k,[],,
,,,,,,,,,,,,,,,,,------------------------------Insight------------------------------
62,Insight,cast_mcrit_rate,Magic/Buff,,,600,0,party/single,1,1,1200,+50% magic critical rate.,100,181k,[],,
70,Insight,cast_mcrit_rate,Magic/Buff,,,600,0,party/single,1,1,1200,+100% magic critical rate.,120,486k,[],,
,,,,,,,,,,,,,,,,,------------------------------Arcane Insight------------------------------
72,Arcane Insight,wc_arcane_insight,Magic/Buff,,,600,800,party/aoe,1,1,1200,"+32% M.Atk, +100% magic critical rate.",325,803k,[cast_atk_mag cast_mcrit_rate],,,+@{matk} M.Atk and double magic critical rate. Blesses you and nearby allies for.
,,,,,,,,,,,,,,,,,---------------------------------------------------------------------------------------------Alacrity & Resolve & Serenity-------------------------------------------------------------------------------------------------------------------
,,,,,,,,,,,,,,,,,--------------------------Alacrity--------------------------
48,Alacrity,cast_spd_cast,Magic/Buff,,,600,0,party/single,1,1,1200,+30% Cast Speed.,75,38.4k,[],,
,,,,,,,,,,,,,,,,,-----------------------------Serenity-----------------------------
40,Serenity,cast_mp_regen,Magic/Buff,,,600,0,party/single,1,1,1200,+10% MP regeneration.,60,26.1k,[],,
48,Serenity,cast_mp_regen,Magic/Buff,,,600,0,party/single,1,1,1200,+15% MP regeneration.,75,38.4k,[],,
56,Serenity,cast_mp_regen,Magic/Buff,,,600,0,party/single,1,1,1200,+20% MP regeneration.,85,64k,[],,
,,,,,,,,,,,,,,,,,------------------------------Resolve------------------------------
44,Resolve,cast_interrupt,Magic/Buff,,,600,0,party/single,1,1,1200,+36% interrupt resistance.,72,35.8k,[],,
52,Resolve,cast_interrupt,Magic/Buff,,,600,0,party/single,1,1,1200,+42% interrupt resistance.,80,53k,[],,
60,Resolve,cast_interrupt,Magic/Buff,,,600,0,party/single,1,1,1200,+48% interrupt resistance.,95,147k,[],,
68,Resolve,cast_interrupt,Magic/Buff,,,600,0,party/single,1,1,1200,+54% interrupt resistance.,115,440k,[],,
,,,,,,,,,,,,,,,,,------------------------------Arcane Serenity------------------------------
70,Arcane Serenity,wc_arcane_serenity,Magic/Buff,,,600,800,party/aoe,1,1,1200,"+30% Cast Speed, +54% interrupt resistance, +20% MP regeneration.",395,486k,[cast_spd_cast cast_interrupt cast_mp_regen],,,"+@{cast} cast speed, +@{interrupt} interrupt resistance, +@{mpreg} MP regeneration. Blesses you and nearby allies."
,,,,,,,,,,,,,,,,,---------------------------------------------------------------------------------------------Ward & Soul & Mana Blessing-------------------------------------------------------------------------------------------------------------------
,,,,,,,,,,,,,,,,,-------------------------------Ward-------------------------------
44,Ward,cast_def_mag,Magic/Buff,,,600,0,party/single,1,1,1200,+23% M.Def.,72,35.8k,[],,
52,Ward,cast_def_mag,Magic/Buff,,,600,0,party/single,1,1,1200,+30% M.Def.,80,53k,[],,
,,,,,,,,,,,,,,,,,-------------------------------Soul-------------------------------
44,Soul,cast_mp_max,Magic/Buff,,,600,0,party/single,1,1,1200,+10% Max MP.,72,35.8k,[],,
48,Soul,cast_mp_max,Magic/Buff,,,600,0,party/single,1,1,1200,+15% Max MP.,75,38.4k,[],,
52,Soul,cast_mp_max,Magic/Buff,,,600,0,party/single,1,1,1200,+20% Max MP.,80,53k,[],,
56,Soul,cast_mp_max,Magic/Buff,,,600,0,party/single,1,1,1200,+25% Max MP.,85,64k,[],,
62,Soul,cast_mp_max,Magic/Buff,,,600,0,party/single,1,1,1200,+30% Max MP.,100,181k,[],,
70,Soul,cast_mp_max,Magic/Buff,,,600,0,party/single,1,1,1200,+35% Max MP.,120,486k,[],,
,,,,,,,,,,,,,,,,,--------------------------Mana Blessing--------------------------
58,Mana Blessing,mana_blessing,Magic/Buff,,,600,0,party/single,1,1,1200,Decrease Physical MP Cost by 10% and Magic MP Cost by 5%,90,79.3k,[],,
66,Mana Blessing,mana_blessing,Magic/Buff,,,600,0,party/single,1,1,1200,Decrease Physical MP Cost by 15% and Magic MP Cost by 7%,110,361k,[],,
72,Mana Blessing,mana_blessing,Magic/Buff,,,600,0,party/single,1,1,1200,Decrease Physical MP Cost by 20% and Magic MP Cost by 10%,125,803k,[],,
,,,,,,,,,,,,,,,,,------------------------------Soul Blessing------------------------------
74,Soul Reinforcement,wc_soul_reinforcement,Magic/Buff,,,600,800,party/aoe,1,1,1200,"+35% Max MP, +30% M.Def, Decrease Physical MP Cost by 20% and Magic MP Cost by 10%.",455,1180k,[cast_mp_max cast_def_mag mana_blessing],,
,,,,,,,,,,,,,,,,,---------------------------------------------------------------------------------------------Body & Bulwark & Vigor-------------------------------------------------------------------------------------------------------------------
,,,,,,,,,,,,,,,,,------------------------------Bulwark------------------------------
44,Bulwark,cast_def_phys,Magic/Buff,,,600,0,party/single,1,1,1200,+15% P.Def.,72,35.8k,[],,
,,,,,,,,,,,,,,,,,------------------------------Vigor------------------------------
48,Vigor,cast_hp_regen,Magic/Buff,,,600,0,party/single,1,1,1200,+15% HP regeneration.,75,38.4k,[],,
56,Vigor,cast_hp_regen,Magic/Buff,,,600,0,party/single,1,1,1200,+20% HP regeneration.,85,64k,[],,
,,,,,,,,,,,,,,,,,-------------------------------Body-------------------------------
44,Body,cast_hp_max,Magic/Buff,,,600,0,party/single,1,1,1200,+10% Max HP.,72,35.8k,[],,
48,Body,cast_hp_max,Magic/Buff,,,600,0,party/single,1,1,1200,+15% Max HP.,75,38.4k,[],,
52,Body,cast_hp_max,Magic/Buff,,,600,0,party/single,1,1,1200,+20% Max HP.,80,53k,[],,
56,Body,cast_hp_max,Magic/Buff,,,600,0,party/single,1,1,1200,+25% Max HP.,85,64k,[],,
64,Body,cast_hp_max,Magic/Buff,,,600,0,party/single,1,1,1200,+30% Max HP.,105,221k,[],,
70,Body,cast_hp_max,Magic/Buff,,,600,0,party/single,1,1,1200,+35% Max HP.,120,486k,[],,
,,,,,,,,,,,,,,,,,------------------------------Body Blessing------------------------------
72,Body Reinforcement,wc_body_reinforcement,Magic/Buff,,,600,800,party/aoe,1,1,1200,"+35% Max HP, +15% P.Def +20% HP regeneration.",402,803k,[cast_hp_max cast_def_phys cast_hp_regen],,,"+@{maxhp} Max HP, +@{pdef} P.Def, +@{hpreg} HP regeneration. Blesses you and nearby allies."
,,,,,,,,,,,,,,,,,---------------------------------------------------------------------------------------------Fortitude & Clarity-------------------------------------------------------------------------------------------------------------------
,,,,,,,,,,,,,,,,,------------------------------Clarity------------------------------
40,Clarity,cast_cc_res_mag,Magic/Buff,,,600,0,party/single,1,1,1200,14% resist to SPT debuffs,60,26.1k,[],,
48,Clarity,cast_cc_res_mag,Magic/Buff,,,600,0,party/single,1,1,1200,17% resist to SPT debuffs,75,38.4k,[],,
56,Clarity,cast_cc_res_mag,Magic/Buff,,,600,0,party/single,1,1,1200,20% resist to SPT debuffs,85,64k,[],,
,,,,,,,,,,,,,,,,,----------------------------Fortitude----------------------------
40,Fortitude,cast_cc_res_phys,Magic/Buff,,,600,0,party/single,1,1,1200,15% resist to CON debuffs,60,26.1k,[],,
52,Fortitude,cast_cc_res_phys,Magic/Buff,,,600,0,party/single,1,1,1200,17% resist to CON debuffs,80,53k,[],,
64,Fortitude,cast_cc_res_phys,Magic/Buff,,,600,0,party/single,1,1,1200,19% resist to CON debuffs,105,221k,[],,
72,Fortitude,cast_cc_res_phys,Magic/Buff,,,600,0,party/single,1,1,1200,21% resist to CON debuffs,125,803k,[],,
,,,,,,,,,,,,,,,,,------------------------------Arcane and Feral Protection------------------------------
74,Arcane and Feral Protection,wc_arcane_feral_protection,Magic/Buff,,,600,800,party/aoe,1,1,1200,"21% resist to CON debuffs, 20% resist to SPT debuffs",340,1180k,[cast_cc_res_mag cast_cc_res_phys],,
,,,,,,,,,,,,,,,,,---------------------------------------------------------------------------------------------Swift & Agility-------------------------------------------------------------------------------------------------------------------
,,,,,,,,,,,,,,,,,------------------------------Agility------------------------------
44,Agility,cast_spd_eva,Magic/Buff,,,600,0,party/single,1,1,1200,+3 Evasion.,72,35.8k,[],,
52,Agility,cast_spd_eva,Magic/Buff,,,600,0,party/single,1,1,1200,+4 Evasion.,80,53k,[],,
,,,,,,,,,,,,,,,,,------------------------------Agility------------------------------
56,Wind Grace,wc_wind_grace,Magic/Buff,,,600,800,party/aoe,1,1,1200,"+33 Move Speed, +4 Evasion.",198,64k,[cast_spd_move cast_spd_eva],,,+@{ms} Move Speed and +@{eva} Evasion. Blesses you and nearby allies.
,,,,,,,,,,,,,,,,,---------------------------------------------------------------------------------------------Shrouding Hymn-------------------------------------------------------------------------------------------------------------------
74,Shrouding Hymn,shrouding_hymn,Magic/Buff,,,600,800,party/aoe,2,30,1200,"For 20 minutes monsters that have not already noticed you and nearby allies leave you alone; Decrease movement speed with 50%",300,588k,[],,,"For @{duration}, monsters that haven't already noticed you and your nearby allies leave you alone. Anything already chasing keeps chasing. Move speed -@{ms}."
,,,,,,,,,,,,,,,,,---------------------------------------------------------------------------------------------Harmonies-------------------------------------------------MP for each buff inside 60/66/73/80/88/97 = 464 at 6 buffs -- [60x1.1^buffIndex per buff]
,,,,,,,,,,,,,,,,,------------------------------Harmony of Protection------------------------------
,,,,,,,,,,,,,,,,,BL-183: the rung granting +30% M.Def (44) replaces NPC Harmony of Ward; +25% P.Def (56) adds Harmony of Bulwark; +30% Max HP (66) adds Harmony of Body. Rung by rung - never a rung that has not yet gained that effect.
44,Harmony of Protection,npc_harmony_protection,Magic/Buff,,,600,800,party/aoe,1,120,300,+30% M.Def,60,35.8k,[],,,"+@{mdef} M.Def, +@{hpreg} HP regeneration, +@{pdef} P.Def, +@{maxhp} Max HP, reflects @{reflect} of melee damage, @{bowresist} bow resistance."
52,Harmony of Protection,npc_harmony_protection,Magic/Buff,,,600,800,party/aoe,1,120,300,"+30% M.Def, +20% HP Regen",126,53k,[],,
56,Harmony of Protection,npc_harmony_protection,Magic/Buff,,,600,800,party/aoe,1,120,300,"+30% M.Def, +20% HP Regen, +25% P.Def",199,64k,[],,
66,Harmony of Protection,npc_harmony_protection,Magic/Buff,,,600,800,party/aoe,1,120,300,"+30% M.Def, +20% HP Regen, +25% P.Def, +30% Max HP",279,361k,[],,
74,Harmony of Protection,npc_harmony_protection,Magic/Buff,,,600,800,party/aoe,1,120,300,"+30% M.Def, +20% HP Regen, +25% P.Def, +30% Max HP, +20% Mele Reflect",367,1180k,[],,
,,,,,,,,,,,,,,,,,------------------------------Harmony of Speed------------------------------
,,,,,,,,,,,,,,,,,BL-183: the rung granting +20 move speed (48) replaces NPC Harmony of Swift - the two never stack.
48,Harmony of Speed,harmony_of_speed,Magic/Buff,,,600,800,party/aoe,1,120,300,+20 move speed,60,38.4k,[],,,+@{ms} Move Speed and +@{eva} Evasion for you and nearby allies.
58,Harmony of Speed,harmony_of_speed,Magic/Buff,,,600,800,party/aoe,1,120,300,"+20 move speed, +3 Evasion",126,79.3k,[],,
,,,,,,,,,,,,,,,,,------------------------------Harmony of the Warrior------------------------------
,,,,,,,,,,,,,,,,,BL-183: the rung granting +12% P.Atk (56) replaces NPC Harmony of the Might; the rung granting +15% attack speed (58) also replaces NPC Harmony of the Fury. Rungs 1-3 replace nothing.
40,Harmony of the Warrior,npc_harmony_warrior,Magic/Buff,,,600,800,party/aoe,1,120,300,+100% crit rate,60,26.1k,[],,,"double critical rate, +@{critdmg} critical damage, +@{acc} accuracy, +@{patk} P.Atk, +@{as} attack speed, @{vamp} melee vampirism."
44,Harmony of the Warrior,npc_harmony_warrior,Magic/Buff,,,600,800,party/aoe,1,120,300,"+100% crit rate, +35% crit damage",126,35.8k,[],,
48,Harmony of the Warrior,npc_harmony_warrior,Magic/Buff,,,600,800,party/aoe,1,120,300,"+100% crit rate, +35% crit damage, +4 accuracy",199,38.4k,[],,
56,Harmony of the Warrior,npc_harmony_warrior,Magic/Buff,,,600,800,party/aoe,1,120,300,"+100% crit rate, +35% crit damage, +4 accuracy, +12% P.Atk",279,64k,[],,
58,Harmony of the Warrior,npc_harmony_warrior,Magic/Buff,,,600,800,party/aoe,1,120,300,"+100% crit rate, +35% crit damage, +4 accuracy, +12% P.Atk, +15% attack speed",367,79.3k,[],,
74,Harmony of the Warrior,npc_harmony_warrior,Magic/Buff,,,600,800,party/aoe,1,120,300,"+100% crit rate, +35% crit damage, +4 accuracy, +12% P.Atk, +15% attack speed, +8% mele vampirism",464,1180k,[],,
,,,,,,,,,,,,,,,,,------------------------------Harmony of the Wizard------------------------------
,,,,,,,,,,,,,,,,,BL-183: the rung granting +10% M.Atk (48) replaces NPC Harmony of Force; the rung granting +30% cast speed (52) also replaces NPC Harmony of Alacrity.
48,Harmony of the Wizard,npc_harmony_wizard,Magic/Buff,,,600,800,party/aoe,1,120,300,+10% M.Atk,60,38.4k,[],,
52,Harmony of the Wizard,npc_harmony_wizard,Magic/Buff,,,600,800,party/aoe,1,120,300,"+10% M.Atk, 30% cast speed",126,53k,[],,
,,,,,,,,,,,,,,,,,BL-217: rungs 3-5 (58/66/74) are the magic-reuse ladder - your "gift of seraphim" third source. MP 150/170/190 are derived; the SP are your own prices at those levels.
58,Harmony of the Wizard,npc_harmony_wizard,Magic/Buff,,,600,800,party/aoe,1,120,300,"+10% M.Atk, 30% cast speed, -15% Magical Reuse",150,79.3k,[],,
66,Harmony of the Wizard,npc_harmony_wizard,Magic/Buff,,,600,800,party/aoe,1,120,300,"+10% M.Atk, 30% cast speed, -25% Magical Reuse",170,361k,[],,
74,Harmony of the Wizard,npc_harmony_wizard,Magic/Buff,,,600,800,party/aoe,1,120,300,"+10% M.Atk, 30% cast speed, -35% Magical Reuse",190,1180k,[],,
