NAME,SKILL_ID,TYPE,WEAPON,WEIGHT,RANGE,AOE,TARGET,CAST s,DESCR,NPC LVL,NPC Price,COMMENT
,,,,,,,,,,,,========================== Single/Group buffs default duration 20 min ===========================
,,,,,,,,,,,,========================== Harmonies from players default duration 5 min ===========================
,,,,,,,,,,,,========================== Marks from players default duration 5 min ===========================
,,,,,,,,,,,,========================== NPC buffs default duration 1 h ===========================
,,,,,,,,,,,,========================== NPC harmonies default duration 1 h ==========================
,,,,,,,,,,,,========================== NPC marks default duration 1 h ==========================
,,,,,,,,,,,,========================== NPC - FREE 8 General Buffs 6+ ==========================
,,,,,,,,,,,,========================== NPC - 5~15k gold per 11 Stronger Buffs ==========================
,,,,,,,,,,,,========================== NPC - 50k gold per 8 Single Harmony Buffs ==========================
,,,,,,,,,,,,========================== NPC - 300k gold per 3 mark Buffs ==========================
,,,,,,,,,,,,========================== SINGLE===========================
,,,,,,,,,,,,--------------------------Might----------------------------
Might,cast_atk_phys,Magic/Buff,,,600,0,party/single,1,+12% P.Atk.
Might,cast_atk_phys,Magic/Buff,,,600,0,party/single,1,+15% P.Atk.,6,0
,,,,,,,,,,,,--------------------------Swift----------------------------
Swift,cast_spd_move,Magic/Buff,,,600,0,party/single,1,+20 Move Speed.
Swift,cast_spd_move,Magic/Buff,,,600,0,party/single,1,+33 Move Speed.,6,0
,,,,,,,,,,,,--------------------------Alacrity----------------------------
Alacrity,cast_spd_cast,Magic/Buff,,,600,0,party/single,1,+15% Cast Speed.
Alacrity,cast_spd_cast,Magic/Buff,,,600,0,party/single,1,+23% Cast Speed.
Alacrity,cast_spd_cast,Magic/Buff,,,600,0,party/single,1,+30% Cast Speed.,6,0
,,,,,,,,,,,,--------------------------Resolve----------------------------
Resolve,cast_interrupt,Magic/Buff,,,600,0,party/single,1,+18% interrupt resistance.
Resolve,cast_interrupt,Magic/Buff,,,600,0,party/single,1,+25% interrupt resistance.
Resolve,cast_interrupt,Magic/Buff,,,600,0,party/single,1,+36% interrupt resistance.
Resolve,cast_interrupt,Magic/Buff,,,600,0,party/single,1,+42% interrupt resistance.
Resolve,cast_interrupt,Magic/Buff,,,600,0,party/single,1,+48% interrupt resistance.
Resolve,cast_interrupt,Magic/Buff,,,600,0,party/single,1,+54% interrupt resistance.,6,0
,,,,,,,,,,,,--------------------------Bulwark----------------------------
Bulwark,cast_def_phys,Magic/Buff,,,600,0,party/single,1,+12% P.Def.
Bulwark,cast_def_phys,Magic/Buff,,,600,0,party/single,1,+15% P.Def.,6,0
,,,,,,,,,,,,--------------------------Force----------------------------
Force,cast_atk_mag,Magic/Buff,,,600,0,party/single,1,+25% M.Atk.
Force,cast_atk_mag,Magic/Buff,,,600,0,party/single,1,+28% M.Atk.
Force,cast_atk_mag,Magic/Buff,,,600,0,party/single,1,+32% M.Atk.,6,0
,,,,,,,,,,,,--------------------------Vampirism----------------------------
Vampirism,cast_vamp,Magic/Buff,,,600,0,party/single,1,+6% melee vampirism.
Vampirism,cast_vamp,Magic/Buff,,,600,0,party/single,1,+7% melee vampirism.
Vampirism,cast_vamp,Magic/Buff,,,600,0,party/single,1,+8% melee vampirism.
Vampirism,cast_vamp,Magic/Buff,,,600,0,party/single,1,+9% melee vampirism.,6,0
,,,,,,,,,,,,---------------------------Fury------------------------------
Fury,cast_spd_as,Magic/Buff,,,600,0,party/single,1,+15% Attack Speed.
Fury,cast_spd_as,Magic/Buff,,,600,0,party/single,1,+33% Attack Speed.,6,0
,,,,,,,,,,,,--------------------------Focus----------------------------
Focus,cast_crit_rate,Magic/Buff,,,600,0,party/single,1,+20% critical rate.,40,5k
Focus,cast_crit_rate,Magic/Buff,,,600,0,party/single,1,+25% critical rate.,44,10k
Focus,cast_crit_rate,Magic/Buff,,,600,0,party/single,1,+30% critical rate.,52,15k
,,,,,,,,,,,,--------------------------Agility----------------------------
Agility,cast_spd_eva,Magic/Buff,,,600,0,party/single,1,+2 Evasion.,40,5k
Agility,cast_spd_eva,Magic/Buff,,,600,0,party/single,1,+3 Evasion.,44,10k
Agility,cast_spd_eva,Magic/Buff,,,600,0,party/single,1,+4 Evasion.,52,15k
,,,,,,,,,,,,--------------------------Aim----------------------------
Aim,cast_accuracy,Magic/Buff,,,600,0,party/single,1,+1 Accuracy.
Aim,cast_accuracy,Magic/Buff,,,600,0,party/single,1,+2 Accuracy.,40,5k
Aim,cast_accuracy,Magic/Buff,,,600,0,party/single,1,+3 Accuracy.,48,10k
Aim,cast_accuracy,Magic/Buff,,,600,0,party/single,1,+4 Accuracy.,56,15k
,,,,,,,,,,,,--------------------------Vigor----------------------------
Vigor,cast_hp_regen,Magic/Buff,,,600,0,party/single,1,+10% HP regeneration.,40,5k
Vigor,cast_hp_regen,Magic/Buff,,,600,0,party/single,1,+15% HP regeneration.,48,10k
Vigor,cast_hp_regen,Magic/Buff,,,600,0,party/single,1,+20% HP regeneration.,56,15k
,,,,,,,,,,,,--------------------------Ward----------------------------
Ward,cast_def_mag,Magic/Buff,,,600,0,party/single,1,+10% M.Def.,40,5k
Ward,cast_def_mag,Magic/Buff,,,600,0,party/single,1,+23% M.Def.,44,10k
Ward,cast_def_mag,Magic/Buff,,,600,0,party/single,1,+30% M.Def.,52,15k
,,,,,,,,,,,,--------------------------Frenzy----------------------------
Frenzy,holy_frenzy,Magic/Buff,,,600,0,party/single,1,"−7% Max HP/MP, +5% offence and speed, +5 move, −5 evasion.",40,10k
Frenzy,holy_frenzy,Magic/Buff,,,600,0,party/single,1,"-10% Max HP/MP, +8% offence and speed, +8 move, -8 evasion.",52,15k
,,,,,,,,,,,,---------------------------Ferocity-----------------------------
Ferocity,cast_crit_dmg,Magic/Buff,,,600,0,party/single,1,+25% critical damage.,40,5k
Ferocity,cast_crit_dmg,Magic/Buff,,,600,0,party/single,1,+30% critical damage.,48,10k
Ferocity,cast_crit_dmg,Magic/Buff,,,600,0,party/single,1,+35% critical damage.,56,15k
,,,,,,,,,,,,---------------------------Insight------------------------------
Insight,cast_mcrit_rate,Magic/Buff,,,600,0,party/single,1,+50% magic critical rate.,62,10k
Insight,cast_mcrit_rate,Magic/Buff,,,600,0,party/single,1,+100% magic critical rate.,70,15k
,,,,,,,,,,,,---------------------------Alacrity--------------------------
,,,,,,,,,,,,---------------------------Serenity-----------------------------
Serenity,cast_mp_regen,Magic/Buff,,,600,0,party/single,1,+10% MP regeneration.,40,5k
Serenity,cast_mp_regen,Magic/Buff,,,600,0,party/single,1,+15% MP regeneration.,48,10k
Serenity,cast_mp_regen,Magic/Buff,,,600,0,party/single,1,+20% MP regeneration.,56,15k
,,,,,,,,,,,,---------------------------Soul-------------------------------
Soul,cast_mp_max,Magic/Buff,,,600,0,party/single,1,+10% Max MP.,44,5k
Soul,cast_mp_max,Magic/Buff,,,600,0,party/single,1,+15% Max MP.
Soul,cast_mp_max,Magic/Buff,,,600,0,party/single,1,+20% Max MP.
Soul,cast_mp_max,Magic/Buff,,,600,0,party/single,1,+25% Max MP.,56,10k
Soul,cast_mp_max,Magic/Buff,,,600,0,party/single,1,+30% Max MP.
Soul,cast_mp_max,Magic/Buff,,,600,0,party/single,1,+35% Max MP.,70,15k
,,,,,,,,,,,,---------------------------Body-------------------------------
Body,cast_hp_max,Magic/Buff,,,600,0,party/single,1,+10% Max HP.,44,5k
Body,cast_hp_max,Magic/Buff,,,600,0,party/single,1,+15% Max HP.
Body,cast_hp_max,Magic/Buff,,,600,0,party/single,1,+20% Max HP.
Body,cast_hp_max,Magic/Buff,,,600,0,party/single,1,+25% Max HP.,56,10k
Body,cast_hp_max,Magic/Buff,,,600,0,party/single,1,+30% Max HP.
Body,cast_hp_max,Magic/Buff,,,600,0,party/single,1,+35% Max HP.,70,15k
,,,,,,,,,,,,---------------------------Harmony of Ward------------------------------
Harmony of Ward,npc_harmony_ward,Magic/Buff,,,600,800,party/aoe,1,+30% M.Def,44,50k
,,,,,,,,,,,,---------------------------Harmony of Bulwark------------------------------
Harmony of Bulwark,npc_harmony_bulwark,Magic/Buff,,,600,800,party/aoe,1,"+25% P.Def",56,50k
,,,,,,,,,,,,---------------------------Harmony of Body------------------------------
Harmony of Body,npc_harmony_body,Magic/Buff,,,600,800,party/aoe,1,"+30% Max HP",66,50k
,,,,,,,,,,,,---------------------------Harmony of Force------------------------------
Harmony of Force,npc_harmony_force,Magic/Buff,,,600,800,party/aoe,1,"+10% M.Atk",48,50k
,,,,,,,,,,,,---------------------------Harmony of Alacrity------------------------------
Harmony of Alacrity,npc_harmony_alacrity,Magic/Buff,,,600,800,party/aoe,1,"+30% Cast.Speed",52,50k
,,,,,,,,,,,,---------------------------Harmony of Swift------------------------------
Harmony of Swift,npc_harmony_swift,Magic/Buff,,,600,800,party/aoe,1,+20 move speed,48,50k
,,,,,,,,,,,,---------------------------Harmony of the Might------------------------------
Harmony of the Might,npc_harmony_might,Magic/Buff,,,600,800,party/aoe,1,"+12% P.Atk",56,50k
,,,,,,,,,,,,---------------------------Harmony of the Fury------------------------------
Harmony of the Fury,npc_harmony_fury,Magic/Buff,,,600,800,party/aoe,1,"+15% attack speed",58,50k
,,,,,,,,,,,,---------------------------Holy Mark----------------------------
Holy Mark,holy_mark,Magic/Heal,,,900,0,party/single,5,"Increases: Atk +10%, Def +20%, Atk/Cast.Speed +20%, SPT Debuff Resists +15%, M.Acc +4, M.Crit.Rate +20%, Max MP +20%, Consumes 4 skill stones, Do not Stack with Other 'Mark' Skills",78,300k
Holy Mark,holy_mark,Magic/Heal,,,900,0,party/single,5,"Increases: Atk +10%, Def +20%, Atk/Cast.Speed +20%, SPT Debuff Resists +15%, M.Acc +4, M.Crit.Rate +20%, Max MP +20%, M.Crit.Rate.Received -10% Consumes 4 skill stones, Do not Stack with Other 'Mark' Skills"
,,,,,,,,,,,,---------------------------Life Mark----------------------------
Life Mark,life_mark,Magic/Heal,,,900,0,party/single,5,"Increases: Atk +10%, Def +20%, Atk/Cast.Speed +20%, CON Debuff Resists +10%, P.Acc +4, P.Crit.Rate +20%, Max HP +20%, Consumes 4 skill stones, Do not Stack with Other 'Mark' Skills",78,300k
Life Mark,life_mark,Magic/Heal,,,900,0,party/single,5,"Increases: Atk +10%, Def +20%, Atk/Cast.Speed +20%, CON Debuff Resists +10%, P.Acc +4, P.Crit.Rate +20%, Max HP +20%, P.Crit.Rate.Received -10% Consumes 4 skill stones, Do not Stack with Other 'Mark' Skills"
,,,,,,,,,,,,---------------------------Blood Mark----------------------------
Blood Mark,blood_mark,Magic/Heal,,,900,0,party/single,5,"Increases: Atk +10%, Def +20%, Atk/Cast.Speed +20%, Mele vampirism +5%, Acc +3, Crit.Dmg +20%, Natural Regen +20%, Consumes 4 skill stones, Do not Stack with Other 'Mark' Skills",78,300k
Blood Mark,blood_mark,Magic/Heal,,,900,0,party/single,5,"Increases: Atk +10%, Def +20%, Atk/Cast.Speed +20%, Mele vampirism +5%, Acc +3, Crit.Dmg +20%, Natural Regen +20%, P.Crit.Dmg.Received -30%, Consumes 4 skill stones, Do not Stack with Other 'Mark' Skills"
,,,,,,,,,,,,--------------------------Great Bulwark--------------------------
Great Bulwark,great_bulwark,Magic/Buff,,,600,0,party/single,1,+5% P.Def. Does not stack with Other Great Might|Bulwark effects.
Great Bulwark,great_bulwark,Magic/Buff,,,600,0,party/single,1,+10% P.Def. Does not stack with Other Great Might|Bulwark effects.
Great Bulwark,great_bulwark,Magic/Buff,,,600,0,party/single,1,+15% P.Def. Does not stack with Other Great Might|Bulwark effects.
,,,,,,,,,,,,----------------------------Great Might----------------------------
Great Might,great_might,Magic/Buff,,,600,0,party/single,1,+5% P.Atk. Does not stack with Other Great Might|Bulwark effects.
Great Might,great_might,Magic/Buff,,,600,0,party/single,1,+7% P.Atk. Does not stack with Other Great Might|Bulwark effects.
Great Might,great_might,Magic/Buff,,,600,0,party/single,1,+10% P.Atk. Does not stack with Other Great Might|Bulwark effects.
,,,,,,,,,,,,---------------------------Shield Blessing---------------------------
Shield Blessing,cast_shield_block,Magic/Buff,,,600,0,party/single,1,Increases Shield Rate with 5% 
Shield Blessing,cast_shield_block,Magic/Buff,,,600,0,party/single,1,Increases Shield Rate with 10%
Shield Blessing,cast_shield_block,Magic/Buff,,,600,0,party/single,1,Increases Shield Rate with 15%
Shield Blessing,cast_shield_block,Magic/Buff,,,600,0,party/single,1,Increases Shield Rate with 20%
Shield Blessing,cast_shield_block,Magic/Buff,,,600,0,party/single,1,Increases Shield Rate with 25%
Shield Blessing,cast_shield_block,Magic/Buff,,,600,0,party/single,1,Increases Shield Rate with 30%
,,,,,,,,,,,,---------------------------Shield Harden--------------------------
Shield Hardening,cast_shield_def,Magic/Buff,,,600,0,party/single,1,Increases Shield PDef with 30%
Shield Hardening,cast_shield_def,Magic/Buff,,,600,0,party/single,1,Increases Shield PDef with 40%
Shield Hardening,cast_shield_def,Magic/Buff,,,600,0,party/single,1,Increases Shield PDef with 50%
,,,,,,,,,,,,---------------------------Mana Blessing--------------------------
Mana Blessing,mana_blessing,Magic/Buff,,,600,0,party/single,1,Decrease Physical MP Cost by 10% and Magic MP Cost by 5%
Mana Blessing,mana_blessing,Magic/Buff,,,600,0,party/single,1,Decrease Physical MP Cost by 15% and Magic MP Cost by 7%
Mana Blessing,mana_blessing,Magic/Buff,,,600,0,party/single,1,Decrease Physical MP Cost by 20% and Magic MP Cost by 10%
Mana Blessing,mana_blessing,Magic/Buff,,,600,0,party/single,1,Decrease Physical MP Cost by 21% and Magic MP Cost by 11%,
Mana Blessing,mana_blessing,Magic/Buff,,,600,0,party/single,1,Decrease Physical MP Cost by 22% and Magic MP Cost by 12%,
Mana Blessing,mana_blessing,Magic/Buff,,,600,0,party/single,1,Decrease Physical MP Cost by 23% and Magic MP Cost by 13%,
Mana Blessing,mana_blessing,Magic/Buff,,,600,0,party/single,1,Decrease Physical MP Cost by 24% and Magic MP Cost by 14%,
Mana Blessing,mana_blessing,Magic/Buff,,,600,0,party/single,1,Decrease Physical MP Cost by 25% and Magic MP Cost by 15%,
Mana Blessing,mana_blessing,Magic/Buff,,,600,0,party/single,1,Decrease Physical MP Cost by 26% and Magic MP Cost by 16%,
Mana Blessing,mana_blessing,Magic/Buff,,,600,0,party/single,1,Decrease Physical MP Cost by 28% and Magic MP Cost by 18%,
Mana Blessing,mana_blessing,Magic/Buff,,,600,0,party/single,1,Decrease Physical MP Cost by 30% and Magic MP Cost by 20%,
,,,,,,,,,,,,--------------------------Clarity----------------------------
Clarity,cast_cc_res_mag,Magic/Buff,,,600,0,party/single,1,20% resist to SPT debuffs
Clarity,cast_cc_res_mag,Magic/Buff,,,600,0,party/single,1,30% resist to SPT debuffs
Clarity,cast_cc_res_mag,Magic/Buff,,,600,0,party/single,1,40% resist to SPT debuffs
Clarity,cast_cc_res_mag,Magic/Buff,,,600,0,party/single,1,50% resist to SPT debuffs
,,,,,,,,,,,,---------------------------Fortitude----------------------------
Fortitude,cast_cc_res_phys,Magic/Buff,,,600,0,party/single,1,15% resist to CON debuffs
Fortitude,cast_cc_res_phys,Magic/Buff,,,600,0,party/single,1,20% resist to CON debuffs
Fortitude,cast_cc_res_phys,Magic/Buff,,,600,0,party/single,1,30% resist to CON debuffs
Fortitude,cast_cc_res_phys,Magic/Buff,,,600,0,party/single,1,40% resist to CON debuffs
Fortitude,cast_cc_res_phys,Magic/Buff,,,600,0,party/single,1,43% resist to CON debuffs
Fortitude,cast_cc_res_phys,Magic/Buff,,,600,0,party/single,1,47% resist to CON debuffs
Fortitude,cast_cc_res_phys,Magic/Buff,,,600,0,party/single,1,50% resist to CON debuffs
Fortitude,cast_cc_res_phys,Magic/Buff,,,600,0,party/single,1,54% resist to CON debuffs
Fortitude,cast_cc_res_phys,Magic/Buff,,,600,0,party/single,1,57% resist to CON debuffs
Fortitude,cast_cc_res_phys,Magic/Buff,,,600,0,party/single,1,60% resist to CON debuffs
Fortitude,cast_cc_res_phys,Magic/Buff,,,600,0,party/single,1,63% resist to CON debuffs
Fortitude,cast_cc_res_phys,Magic/Buff,,,600,0,party/single,1,65% resist to CON debuffs
,,,,,,,,,,,,---------------------------Arcane Resistance----------------------------
Arcane Resistance,arcane_resistance,Magic/Buff,,,600,0,party/single,1,30% resist to Buff removal
,,,,,,,,,,,,==========================Harmonies===========================
,,,,,,,,,,,,---------------------------Harmony of Protection------------------------------
Harmony of Protection,npc_harmony_protection,Magic/Buff,,,600,800,party/aoe,1,+30% M.Def
Harmony of Protection,npc_harmony_protection,Magic/Buff,,,600,800,party/aoe,1,"+30% M.Def, +20% HP Regen"
Harmony of Protection,npc_harmony_protection,Magic/Buff,,,600,800,party/aoe,1,"+30% M.Def, +20% HP Regen, +25% P.Def"
Harmony of Protection,npc_harmony_protection,Magic/Buff,,,600,800,party/aoe,1,"+30% M.Def, +20% HP Regen, +25% P.Def, +30% Max HP"
Harmony of Protection,npc_harmony_protection,Magic/Buff,,,600,800,party/aoe,1,"+30% M.Def, +20% HP Regen, +25% P.Def, +30% Max HP, +20% Mele Reflect"
Harmony of Protection,npc_harmony_protection,Magic/Buff,,,600,800,party/aoe,1,"+30% M.Def, +20% HP Regen, +25% P.Def, +30% Max HP, +20% Mele Reflect, +10% Bow Resistance"
,,,,,,,,,,,,---------------------------Harmony of Speed------------------------------
Harmony of Speed,wc_harmony_speed,Magic/Buff,,,600,800,party/aoe,1,+20 move speed
Harmony of Speed,wc_harmony_speed,Magic/Buff,,,600,800,party/aoe,1,"+20 move speed, +3 Evasion"
,,,,,,,,,,,,---------------------------Harmony of the Warrior------------------------------
Harmony of the Warrior,npc_harmony_warrior,Magic/Buff,,,600,800,party/aoe,1,+100% crit rate
Harmony of the Warrior,npc_harmony_warrior,Magic/Buff,,,600,800,party/aoe,1,"+100% crit rate, +35% crit damage"
Harmony of the Warrior,npc_harmony_warrior,Magic/Buff,,,600,800,party/aoe,1,"+100% crit rate, +35% crit damage, +4 accuracy"
Harmony of the Warrior,npc_harmony_warrior,Magic/Buff,,,600,800,party/aoe,1,"+100% crit rate, +35% crit damage, +4 accuracy, +12% P.Atk"
Harmony of the Warrior,npc_harmony_warrior,Magic/Buff,,,600,800,party/aoe,1,"+100% crit rate, +35% crit damage, +4 accuracy, +12% P.Atk, +15% attack speed"
Harmony of the Warrior,npc_harmony_warrior,Magic/Buff,,,600,800,party/aoe,1,"+100% crit rate, +35% crit damage, +4 accuracy, +12% P.Atk, +15% attack speed, +8% mele vampirism"
,,,,,,,,,,,,---------------------------Harmony of the Wizard------------------------------
Harmony of the Wizard,npc_harmony_wizard,Magic/Buff,,,600,800,party/aoe,1,+10% M.Atk
Harmony of the Wizard,npc_harmony_wizard,Magic/Buff,,,600,800,party/aoe,1,"+10% M.Atk, 30% cast speed"
Harmony of the Wizard,npc_harmony_wizard,Magic/Buff,,,600,800,party/aoe,1,"+10% M.Atk, 30% cast speed, +20% MP Regen",
Harmony of the Wizard,npc_harmony_wizard,Magic/Buff,,,600,800,party/aoe,1,"+10% M.Atk, 30% cast speed, +20% MP Regen, +30% magic crit rate"
Harmony of the Wizard,npc_harmony_wizard,Magic/Buff,,,600,800,party/aoe,1,"+10% M.Atk, 30% cast speed, +20% MP Regen, +30% magic crit rate, +30% magic critical dmg"
,,,,,,,,,,,,---------------------------Harmony of the Soul------------------------------
Harmony of the Soul,wc_harmony_soul,Magic/Buff,,,600,800,party/aoe,1,"-10% Magical Reuse, -20% Physical Reuse, -10% Magic MP Consumption, -10% Physical MP Consumption"
Harmony of the Soul,wc_harmony_soul,Magic/Buff,,,600,800,party/aoe,1,"-15% Magical Reuse, -25% Physical Reuse, -12% Magic MP Consumption, -15% Physical MP Consumption"
Harmony of the Soul,wc_harmony_soul,Magic/Buff,,,600,800,party/aoe,1,"-20% Magical Reuse, -30% Physical Reuse, -15% Magic MP Consumption, -20% Physical MP Consumption"
Harmony of the Soul,wc_harmony_soul,Magic/Buff,,,600,800,party/aoe,1,"-20% Magical Reuse, -30% Physical Reuse, -15% Magic MP Consumption, -20% Physical MP Consumption, +5% Healing Received"
Harmony of the Soul,wc_harmony_soul,Magic/Buff,,,600,800,party/aoe,1,"-20% Magical Reuse, -30% Physical Reuse, -15% Magic MP Consumption, -20% Physical MP Consumption, +10% Healing Received"
Harmony of the Soul,wc_harmony_soul,Magic/Buff,,,600,800,party/aoe,1,"-20% Magical Reuse, -30% Physical Reuse, -15% Magic MP Consumption, -20% Physical MP Consumption, +15% Healing Received, +20% SPT Debuff Resistance"
Harmony of the Soul,wc_harmony_soul,Magic/Buff,,,600,800,party/aoe,1,"-20% Magical Reuse, -30% Physical Reuse, -15% Magic MP Consumption, -20% Physical MP Consumption, +20% Healing Received, +30% SPT Debuff Resistance"
,,,,,,,,,,,,---------------------------Harmony of Madness------------------------------
Harmony of Madness,wc_harmony_madness,Magic/Buff,,,600,800,party/aoe,1,"−10% Max HP/MP, +8% offence and speed, +8 move, −8 evasion.",367,500kk,100kk
,,,,,,,,,,,,==========================Groups===========================
War Frenzy,madness,Magic/Buff,,,600,800,party/aoe,1,"-10% Max HP/MP, +8% offence and speed, +8 move, -8 evasion."
War Bulwark,wc_war_bulwark,Magic/Buff,,,600,800,party/aoe,1,+15% P.Def. Does not stack with Other Great Might|Bulwark effects.
War Might,wc_war_might,Magic/Buff,,,600,800,party/aoe,1,+10% P.Atk. Does not stack with Other Great Might|Bulwark effects.
Shield Reinforcement,wc_shield_reinforcement,Magic/Buff,,,600,800,party/aoe,1,"Increases Shield P.Def with 50%, and Rate with 30%",
Feral Precision,wc_feral_precision,Magic/Buff,,,600,800,party/aoe,1,"+30% critical rate, +35% critical damage, +4 accuracy"
Feral Bloodlust,wc_feral_bloodlust,Magic/Buff,,,600,800,party/aoe,1,"+15% P.Atk, Attack Speed +33%, 9% melee vampirism."
Arcane Insight,wc_arcane_insight,Magic/Buff,,,600,800,party/aoe,1,"+32% M.Atk, +100% magic critical rate."
Arcane Serenity,wc_arcane_serenity,Magic/Buff,,,600,800,party/aoe,1,"+30% Cast Speed, +54% interrupt resistance, +20% MP regeneration."
Body Reinforcement,wc_body_reinforcement,Magic/Buff,,,600,800,party/aoe,1,"+35% Max HP, +15% P.Def +20% HP regeneration."
Wind Grace,wc_wind_grace,Magic/Buff,,,600,800,party/aoe,1,"+33 Move Speed, +4 Evasion."
Soul Reinforcement,wc_soul_reinforcement,Magic/Buff,,,600,800,party/aoe,1,"+35% Max MP, +30% M.Def, Decrease Physical MP Cost by 20% and Magic MP Cost by 10%"
Soul Reinforcement,wc_soul_reinforcement,Magic/Buff,,,600,800,party/aoe,1,"+35% Max MP, +30% M.Def, Decrease Physical MP Cost by 21% and Magic MP Cost by 11%"
Soul Reinforcement,wc_soul_reinforcement,Magic/Buff,,,600,800,party/aoe,1,"+35% Max MP, +30% M.Def, Decrease Physical MP Cost by 22% and Magic MP Cost by 12%"
Soul Reinforcement,wc_soul_reinforcement,Magic/Buff,,,600,800,party/aoe,1,"+35% Max MP, +30% M.Def, Decrease Physical MP Cost by 23% and Magic MP Cost by 13%"
Soul Reinforcement,wc_soul_reinforcement,Magic/Buff,,,600,800,party/aoe,1,"+35% Max MP, +30% M.Def, Decrease Physical MP Cost by 24% and Magic MP Cost by 14%"
Soul Reinforcement,wc_soul_reinforcement,Magic/Buff,,,600,800,party/aoe,1,"+35% Max MP, +30% M.Def, Decrease Physical MP Cost by 25% and Magic MP Cost by 15%"
Soul Reinforcement,wc_soul_reinforcement,Magic/Buff,,,600,800,party/aoe,1,"+35% Max MP, +30% M.Def, Decrease Physical MP Cost by 26% and Magic MP Cost by 16%"
Soul Reinforcement,wc_soul_reinforcement,Magic/Buff,,,600,800,party/aoe,1,"+35% Max MP, +30% M.Def, Decrease Physical MP Cost by 28% and Magic MP Cost by 18%"
Soul Reinforcement,wc_soul_reinforcement,Magic/Buff,,,600,800,party/aoe,1,"+35% Max MP, +30% M.Def, Decrease Physical MP Cost by 30% and Magic MP Cost by 20%"
Arcane and Feral Protection,wc_arcane_feral_protection,Magic/Buff,,,600,800,party/aoe,1,"40% resist to CON debuff, 50% resist to SPT debuffs"
Arcane and Feral Protection,wc_arcane_feral_protection,Magic/Buff,,,600,800,party/aoe,1,"43% resist to CON debuff, 50% resist to SPT debuffs"
Arcane and Feral Protection,wc_arcane_feral_protection,Magic/Buff,,,600,800,party/aoe,1,"47% resist to CON debuff, 50% resist to SPT debuffs"
Arcane and Feral Protection,wc_arcane_feral_protection,Magic/Buff,,,600,800,party/aoe,1,"50% resist to CON debuff, 50% resist to SPT debuffs"
Arcane and Feral Protection,wc_arcane_feral_protection,Magic/Buff,,,600,800,party/aoe,1,"54% resist to CON debuff, 50% resist to SPT debuffs"
Arcane and Feral Protection,wc_arcane_feral_protection,Magic/Buff,,,600,800,party/aoe,1,"57% resist to CON debuff, 50% resist to SPT debuffs"
Arcane and Feral Protection,wc_arcane_feral_protection,Magic/Buff,,,600,800,party/aoe,1,"60% resist to CON debuff, 50% resist to SPT debuffs"
Arcane and Feral Protection,wc_arcane_feral_protection,Magic/Buff,,,600,800,party/aoe,1,"63% resist to CON debuff, 50% resist to SPT debuffs"
Arcane and Feral Protection,wc_arcane_feral_protection,Magic/Buff,,,600,800,party/aoe,1,"65% resist to CON debuff, 50% resist to SPT debuffs"
,,,,,,,,,,,,---------------------------Mark----------------------------
Harmony Mark,wc_harmony_mark,Magic/Heal,,,900,800,party/aoe,300,"Increases: Atk with 10%; Acc +3; Atk/Cast.Speed, Def, Crit.Rate, Crit.Dmg, Max HP/MP and regen with 20%;  Consumes 10 skill stones; Do not Stack with Other 'Mark' skills"
Harmony Mark,wc_harmony_mark,Magic/Heal,,,900,800,party/aoe,300,"Increases: Atk with 10%; Acc +3; Atk/Cast.Speed, Def, Crit.Rate, Crit.Dmg, Max HP/MP and regen with 20%; Critical.Rate.Received -10%; P.Critical.Dmg.Received -30%;Consumes 15 skill stones; Do not Stack with Other 'Mark' skills"