LEARN @ LVL,NAME,SKILL_ID,TYPE,WEAPON,WEIGHT,RANGE,AOE,TARGET,CAST s,CD s,DURRATION s,DESCR,MP,SP COST,REPLACES,Race,Gold Cost,Comment,DESCRIPTION
,,,,,,,,,,,,,,,,----------------------------Magic Bolt----------------------------
1,Magic Bolt,magic_bolt,magic active,,,600,0,enemy/single,4,1,0,magic dmg power 12 - spells fail rather than miss,9,0,[],,,,"Gather energy to damage the enemy with @ power."
7,Magic Bolt,magic_bolt,magic active,,,600,0,enemy/single,4,1,0,magic dmg power 15,10,1140,[]
14,Magic Bolt,magic_bolt,magic active,,,600,0,enemy/single,4,1,0,magic dmg power 21,15,3830,[]
,,,,,,,,,,,,,,,,----------------------------Spellcaster Mastery----------------------------
1,Spellcaster Mastery,spellcaster_mastery,passive,,,0,0,self/single,0,0,0,"ARMOR - Robe: cast x1, mpReg x1.2; Light/Heavy/None: cast x0.5, as x0.5. WEAPON - Sword/Blunt: cast x1, mAtk x1; Bow/Dagger/None: cast x0.5, mAtk x0.5, mAcc x0.5. Auto-granted and NEVER replaced - every mage weapon/weight penalty lives here and nowhere else.",0,0,[weapon_proficiency],,,,"Increase MP Regeneration with @{mpreg} when wearing Robe armor; Decrease casting and attack speed when wearing Other type of armor; Additionally decrease casting speed and spells tend to fail when Other than Sword/Blunt weapon is equipped."
,,,,,,,,,,,,,,,,----------------------------Might----------------------------
7,Might,cast_atk_phys,buff,,,600,0,party/single,1,1,1200,+8% PAttack,20,759,[],,,,+@{patk} P.Atk.
,,,,,,,,,,,,,,,,----------------------------Anti-Magic----------------------------
7,Anti-Magic,anti_magic,Passive,,,0,0,self/single,0,0,0,m.def +12,0,251,[],,,,Magic Defense +@{mdef}
14,Anti-Magic,anti_magic,Passive,,,0,0,self/single,0,0,0,m.def +16,0,843,[]
,,,,,,,,,,,,,,,,----------------------------Robe Armor Mastery----------------------------
7,Robe Armor Mastery,mage_armor_mastery,Passive,,robe,0,0,self/single,0,0,0,robe: p.def +7,0,251,[],,,,Increase defense when wearing Robe armor with @{pdef}
14,Robe Armor Mastery,mage_armor_mastery,Passive,,robe,0,0,self/single,0,0,0,robe: p.def +9,0,843,[]
,,,,,,,,,,,,,,,,----------------------------Bulwark----------------------------
14,Bulwark,cast_def_phys,buff,,,600,0,party/single,1,1,1200,+8% PDef for 20 min,20,2550,[],,,,+@{pdef} P.Def.
,,,,,,,,,,,,,,,,----------------------------Spellcaster Weapon Mastery----------------------------
14,Spellcaster Weapon Mastery,spellcaster_weapon_mastery,Passive,sword|blunt|bow,,0,0,self/single,0,0,0,m.Atk +4,0,843,[],,,,"Increase Magical Attack with @{matk} when Sword/Blunt/Bow weapon is equipped"
,,,,,,,,,,,,,,,,----------------------------Weapon Mastery----------------------------
14,Weapon Mastery,weapon_mastery,Passive,sword|blunt|duals,,0,0,self/single,0,0,0,sword/blunt/dual: p.Atk +2,0,843,[]
,,,,,,,,,,,,,,,,----------------------------Grade Permission----------------------------
1,Grade F,grade_penalty,passive,,,0,0,self/single,0,0,0,"Allow the user to equip F grade; Auto-granted",0,0,[]
20,Grade E,grade_penalty,passive,,,0,0,self/single,0,0,0,"Allow the user to equip E grade; Auto-granted",0,0,[]
40,Grade D,grade_penalty,passive,,,0,0,self/single,0,0,0,"Allow the user to equip D grade; Auto-granted",0,0,[]
52,Grade C,grade_penalty,passive,,,0,0,self/single,0,0,0,"Allow the user to equip C grade; Auto-granted",0,0,[]
61,Grade B,grade_penalty,passive,,,0,0,self/single,0,0,0,"Allow the user to equip B grade; Auto-granted",0,0,[]
76,Grade A,grade_penalty,passive,,,0,0,self/single,0,0,0,"Allow the user to equip A grade; Auto-granted",0,0,[]
80,Grade S,grade_penalty,passive,,,0,0,self/single,0,0,0,"Allow the user to equip S grade; Auto-granted",0,0,[]
,,,,,,,,,,,,,,,,----------------------------Return----------------------------
1,Return,return_town,Active,,,0,0,self/single,60,10,0,"Teleport the user to nearest Town; Auto-granted",0,0,,,60/10s fixed times  -> dont know how to express them in the cast/cd columns
,,,,,,,,,,,,,,,,----------------------------Blessing----------------------------
7,Forest Blessing,elf_blessing,passive,,,0,0,self/single,0,0,0,"Received HP recovery magic, M.Atk +5%; Mp regen +10%; Auto-granted",0,0,,Elf,,,"The forest answers an Elf's magic: +5% healing received, +@{matk} M.Atk and +@{mpreg} MP regeneration."
7,Demonic Blessing,demon_blessing,passive,,,0,0,self/single,0,0,0,"M.Crit.Rate and Cast Speed +5%; Hp regen +10%; Auto-granted",0,0,,Demon,,,"Demon blood runs hot: +@{magiccritrate} magic critical rate, +@{cast} cast speed and +@{hpreg} HP regeneration."
7,Kings Blessing,human_blessing,passive,,,0,0,self/single,0,0,0,"M.Crit.Dmg, Natural Regeneration, Max MP +5%; Auto-granted",0,0,,Human,,,"A king's favour: +5% magic critical damage, +5% natural regeneration of both pools and +@{maxmp} Max MP."
,,,,,,,,,,,,,,,,----------------------------Over The Limit----------------------------
14,Over the Limit,demon_over_limit,Magic/Buff,,,0,0,self/single,0,60,10,Increase P/M.Atk with 10%; P/M.Crit.Rate and Atk/Cast Speed +5%,14,480,,Demon,,,"Adrenaline rush pushing you over your limits: +@{patk} P.Atk and M.Atk; +@{critrate} P/M crit rate, attack and cast speed for @{duration}."
40,Over the Limit,demon_over_limit,Magic/Buff,,,0,0,self/single,0,60,10,Increase P/M.Atk with 12%; P/M.Crit.Rate and Atk/Cast Speed +6%;,62,36k,,Demon
60,Over the Limit,demon_over_limit,Magic/Buff,,,0,0,self/single,0,60,10,Increase P/M.Atk with 15%; P/M.Crit.Rate and Atk/Cast Speed +8%;,76,120k,,Demon
70,Over the Limit,demon_over_limit,Magic/Buff,,,0,0,self/single,0,60,10,Increase P/M.Atk with 20%; P/M.Crit.Rate and Atk/Cast Speed +10%;,114,390k,,Demon
,,,,,,,,,,,,,,,,-----------------------------Frost Spikes-----------------------------
14,Frost Spikes,frost_spikes,Magic/Dmg,,,600,0,enemy/single,2.5,1,30,Attack the enemt with m.Atk +15; Apply 15% Slow effect; Higher chance to interrupt enemy casts (interrupt chance x2);,28,2k,,Elf,,does dmg but have a lower success rate for the slow - interrupt unaffected
20,Frost Spikes,frost_spikes,Magic/Dmg,,,750,0,enemy/single,2.5,1,30,Attack the enemt with m.Atk +18; Apply 15% Slow effect; Higher chance to interrupt enemy casts (interrupt chance x2);,40,3k,,Elf
25,Frost Spikes,frost_spikes,Magic/Dmg,,,750,0,enemy/single,2.5,1,30,Attack the enemt with m.Atk +21; Apply 15% Slow effect; Higher chance to interrupt enemy casts (interrupt chance x2);,46,6k,,Elf
30,Frost Spikes,frost_spikes,Magic/Dmg,,,750,0,enemy/single,2.5,1,30,Attack the enemt with m.Atk +24; Apply 15% Slow effect; Higher chance to interrupt enemy casts (interrupt chance x2);,52,12k,,Elf
35,Frost Spikes,frost_spikes,Magic/Dmg,,,750,0,enemy/single,2.5,1,30,Attack the enemt with m.Atk +27; Apply 15% Slow effect; Higher chance to interrupt enemy casts (interrupt chance x2);,62,25k,,Elf
40,Frost Spikes,frost_spikes,Magic/Dmg,,,750,0,enemy/single,2.5,1,30,Attack the enemt with m.Atk +30; Apply 15% Slow effect; Higher chance to interrupt enemy casts (interrupt chance x2);,33,36k,,Elf
44,Frost Spikes,frost_spikes,Magic/Dmg,,,750,0,enemy/single,2.5,1,30,Attack the enemt with m.Atk +35; Apply 20% Slow effect; Higher chance to interrupt enemy casts (interrupt chance x2);,38,43k,,Elf
48,Frost Spikes,frost_spikes,Magic/Dmg,,,750,0,enemy/single,2.5,1,30,Attack the enemt with m.Atk +39; Apply 20% Slow effect; Higher chance to interrupt enemy casts (interrupt chance x2);,44,64k,,Elf
52,Frost Spikes,frost_spikes,Magic/Dmg,,,750,0,enemy/single,2.5,1,30,Attack the enemt with m.Atk +43; Apply 25% Slow effect; Higher chance to interrupt enemy casts (interrupt chance x2);,48,74k,,Elf
56,Frost Spikes,frost_spikes,Magic/Dmg,,,750,0,enemy/single,2.5,1,30,Attack the enemt with m.Atk +46; Apply 25% Slow effect; Higher chance to interrupt enemy casts (interrupt chance x2);,52,81k,,Elf
58,Frost Spikes,frost_spikes,Magic/Dmg,,,750,0,enemy/single,2.5,1,30,Attack the enemt with m.Atk +48; Apply 28% Slow effect; Higher chance to interrupt enemy casts (interrupt chance x2);,54,88k,,Elf
60,Frost Spikes,frost_spikes,Magic/Dmg,,,750,0,enemy/single,2.5,1,30,Attack the enemt with m.Atk +50; Apply 28% Slow effect; Higher chance to interrupt enemy casts (interrupt chance x2);,55,120k,,Elf
62,Frost Spikes,frost_spikes,Magic/Dmg,,,750,0,enemy/single,2.5,1,30,Attack the enemt with m.Atk +52; Apply 31% Slow effect; Higher chance to interrupt enemy casts (interrupt chance x2);,58,170k,,Elf
64,Frost Spikes,frost_spikes,Magic/Dmg,,,750,0,enemy/single,2.5,1,30,Attack the enemt with m.Atk +54; Apply 31% Slow effect; Higher chance to interrupt enemy casts (interrupt chance x2);,60,190k,,Elf
66,Frost Spikes,frost_spikes,Magic/Dmg,,,750,0,enemy/single,2.5,1,30,Attack the enemt with m.Atk +56; Apply 34% Slow effect; Higher chance to interrupt enemy casts (interrupt chance x2);,62,280k,,Elf
68,Frost Spikes,frost_spikes,Magic/Dmg,,,750,0,enemy/single,2.5,1,30,Attack the enemt with m.Atk +58; Apply 34% Slow effect; Higher chance to interrupt enemy casts (interrupt chance x2);,64,320k,,Elf
70,Frost Spikes,frost_spikes,Magic/Dmg,,,750,0,enemy/single,2.5,1,30,Attack the enemt with m.Atk +60; Apply 37% Slow effect; Higher chance to interrupt enemy casts (interrupt chance x2);,65,390k,,Elf
72,Frost Spikes,frost_spikes,Magic/Dmg,,,750,0,enemy/single,2.5,1,30,Attack the enemt with m.Atk +62; Apply 37% Slow effect; Higher chance to interrupt enemy casts (interrupt chance x2);,67,650k,,Elf
74,Frost Spikes,frost_spikes,Magic/Dmg,,,750,0,enemy/single,2.5,1,30,Attack the enemt with m.Atk +64; Apply 40% Slow effect; Higher chance to interrupt enemy casts (interrupt chance x2);,69,880k,,Elf
76,Frost Spikes,frost_spikes,Magic/Dmg,,,750,0,enemy/single,2.5,1,30,Attack the enemt with m.Atk +86; Apply 40% Slow effect; Higher chance to interrupt enemy casts (interrupt chance x2);,69,6.5kk,,Elf,1kk
77,Frost Spikes,frost_spikes,Magic/Dmg,,,750,0,enemy/single,2.5,1,30,Attack the enemt with m.Atk +88; Apply 40% Slow effect; Higher chance to interrupt enemy casts (interrupt chance x2);,71,11kk,,Elf,1kk
78,Frost Spikes,frost_spikes,Magic/Dmg,,,750,0,enemy/single,2.5,1,30,Attack the enemt with m.Atk +91; Apply 40% Slow effect; Higher chance to interrupt enemy casts (interrupt chance x2);,73,16kk,,Elf,1kk
79,Frost Spikes,frost_spikes,Magic/Dmg,,,750,0,enemy/single,2.5,1,30,Attack the enemt with m.Atk +94; Apply 40% Slow effect; Higher chance to interrupt enemy casts (interrupt chance x2);,77,80kk,,Elf,1kk
80,Frost Spikes,frost_spikes,Magic/Dmg,,,750,0,enemy/single,2.5,1,30,Attack the enemt with m.Atk +98; Apply 42% Slow effect; Higher chance to interrupt enemy casts (interrupt chance x2);,79,0,,Elf,5kk
81,Frost Spikes,frost_spikes,Magic/Dmg,,,750,0,enemy/single,2.5,1,30,Attack the enemt with m.Atk +101; Apply 42% Slow effect; Higher chance to interrupt enemy casts (interrupt chance x2);,91,0,,Elf,7.5kk
82,Frost Spikes,frost_spikes,Magic/Dmg,,,750,0,enemy/single,2.5,1,30,Attack the enemt with m.Atk +105; Apply 42% Slow effect; Higher chance to interrupt enemy casts (interrupt chance x2);,95,0,,Elf,10kk
83,Frost Spikes,frost_spikes,Magic/Dmg,,,750,0,enemy/single,2.5,1,30,Attack the enemt with m.Atk +109; Apply 42% Slow effect; Higher chance to interrupt enemy casts (interrupt chance x2);,97,0,,Elf,15kk
84,Frost Spikes,frost_spikes,Magic/Dmg,,,750,0,enemy/single,2.5,1,30,Attack the enemt with m.Atk +113; Apply 42% Slow effect; Higher chance to interrupt enemy casts (interrupt chance x2);,99,0,,Elf,30kk
85,Frost Spikes,frost_spikes,Magic/Dmg,,,750,0,enemy/single,2.5,1,30,Attack the enemt with m.Atk +117; Apply 45% Slow effect; Higher chance to interrupt enemy casts (interrupt chance x2);,103,0,,Elf,50kk
86,Frost Spikes,frost_spikes,Magic/Dmg,,,750,0,enemy/single,2.5,1,30,Attack the enemt with m.Atk +121; Apply 45% Slow effect; Higher chance to interrupt enemy casts (interrupt chance x2);,105,0,,Elf,75kk
87,Frost Spikes,frost_spikes,Magic/Dmg,,,750,0,enemy/single,2.5,1,30,Attack the enemt with m.Atk +125; Apply 45% Slow effect; Higher chance to interrupt enemy casts (interrupt chance x2);,107,0,,Elf,100kk
88,Frost Spikes,frost_spikes,Magic/Dmg,,,750,0,enemy/single,2.5,1,30,Attack the enemt with m.Atk +129; Apply 45% Slow effect; Higher chance to interrupt enemy casts (interrupt chance x2);,111,0,,Elf,100kk
89,Frost Spikes,frost_spikes,Magic/Dmg,,,750,0,enemy/single,2.5,1,30,Attack the enemt with m.Atk +133; Apply 45% Slow effect; Higher chance to interrupt enemy casts (interrupt chance x2);,113,0,,Elf,100kk
90,Frost Spikes,frost_spikes,Magic/Dmg,,,750,0,enemy/single,2.5,1,30,Attack the enemt with m.Atk +137; Apply 45% Slow effect; Higher chance to interrupt enemy casts (interrupt chance x2);,115,0,,Elf,100kk
,,,,,,,,,,,,,,,,----------------------------Vampiric Bolt----------------------------
14,Vampiric Bolt,human_vampiric_bolt,Magic/Dmg,,,600,0,enemy/single,4,1,0,"A draining bolt (m.Atk +21) that heals you for 40% of the damage dealt;",28,2k,,Human
20,Vampiric Bolt,human_vampiric_bolt,Magic/Dmg,,,750,0,enemy/single,4,1,0,"A draining bolt (m.Atk +26) that heals you for 40% of the damage dealt;",40,3k,,Human
25,Vampiric Bolt,human_vampiric_bolt,Magic/Dmg,,,750,0,enemy/single,4,1,0,"A draining bolt (m.Atk +32) that heals you for 40% of the damage dealt;",46,6k,,Human
30,Vampiric Bolt,human_vampiric_bolt,Magic/Dmg,,,750,0,enemy/single,4,1,0,"A draining bolt (m.Atk +38) that heals you for 40% of the damage dealt;",52,12k,,Human
35,Vampiric Bolt,human_vampiric_bolt,Magic/Dmg,,,750,0,enemy/single,4,1,0,"A draining bolt (m.Atk +44) that heals you for 40% of the damage dealt;",62,25k,,Human
40,Vampiric Bolt,human_vampiric_bolt,Magic/Dmg,,,750,0,enemy/single,4,1,0,"A draining bolt (m.Atk +52) that heals you for 40% of the damage dealt;",66,36k,,Human
44,Vampiric Bolt,human_vampiric_bolt,Magic/Dmg,,,750,0,enemy/single,4,1,0,"A draining bolt (m.Atk +58) that heals you for 40% of the damage dealt;",76,43k,,Human
48,Vampiric Bolt,human_vampiric_bolt,Magic/Dmg,,,750,0,enemy/single,4,1,0,"A draining bolt (m.Atk +65) that heals you for 40% of the damage dealt;",88,64k,,Human
52,Vampiric Bolt,human_vampiric_bolt,Magic/Dmg,,,750,0,enemy/single,4,1,0,"A draining bolt (m.Atk +72) that heals you for 40% of the damage dealt;",96,74k,,Human
56,Vampiric Bolt,human_vampiric_bolt,Magic/Dmg,,,750,0,enemy/single,4,1,0,"A draining bolt (m.Atk +78) that heals you for 40% of the damage dealt;",104,81k,,Human
58,Vampiric Bolt,human_vampiric_bolt,Magic/Dmg,,,750,0,enemy/single,4,1,0,"A draining bolt (m.Atk +82) that heals you for 40% of the damage dealt;",108,88k,,Human
60,Vampiric Bolt,human_vampiric_bolt,Magic/Dmg,,,750,0,enemy/single,4,1,0,"A draining bolt (m.Atk +85) that heals you for 40% of the damage dealt;",110,120k,,Human
62,Vampiric Bolt,human_vampiric_bolt,Magic/Dmg,,,750,0,enemy/single,4,1,0,"A draining bolt (m.Atk +89) that heals you for 40% of the damage dealt;",116,170k,,Human
64,Vampiric Bolt,human_vampiric_bolt,Magic/Dmg,,,750,0,enemy/single,4,1,0,"A draining bolt (m.Atk +92) that heals you for 40% of the damage dealt;",120,190k,,Human
66,Vampiric Bolt,human_vampiric_bolt,Magic/Dmg,,,750,0,enemy/single,4,1,0,"A draining bolt (m.Atk +96) that heals you for 40% of the damage dealt;",124,280k,,Human
68,Vampiric Bolt,human_vampiric_bolt,Magic/Dmg,,,750,0,enemy/single,4,1,0,"A draining bolt (m.Atk +99) that heals you for 40% of the damage dealt;",128,320k,,Human
70,Vampiric Bolt,human_vampiric_bolt,Magic/Dmg,,,750,0,enemy/single,4,1,0,"A draining bolt (m.Atk +102) that heals you for 40% of the damage dealt;",130,390k,,Human
72,Vampiric Bolt,human_vampiric_bolt,Magic/Dmg,,,750,0,enemy/single,4,1,0,"A draining bolt (m.Atk +105) that heals you for 40% of the damage dealt;",134,650k,,Human
74,Vampiric Bolt,human_vampiric_bolt,Magic/Dmg,,,750,0,enemy/single,4,1,0,"A draining bolt (m.Atk +108) that heals you for 40% of the damage dealt;",138,880k,,Human
76,Vampiric Bolt,human_vampiric_bolt,Magic/Dmg,,,750,0,enemy/single,4,1,0,"A draining bolt (m.Atk +143) that heals you for 40% of the damage dealt;",138,6.5kk,,Human,1kk
77,Vampiric Bolt,human_vampiric_bolt,Magic/Dmg,,,750,0,enemy/single,4,1,0,"A draining bolt (m.Atk +146) that heals you for 40% of the damage dealt;",142,11kk,,Human,1kk
78,Vampiric Bolt,human_vampiric_bolt,Magic/Dmg,,,750,0,enemy/single,4,1,0,"A draining bolt (m.Atk +148) that heals you for 40% of the damage dealt;",146,16kk,,Human,1kk
79,Vampiric Bolt,human_vampiric_bolt,Magic/Dmg,,,750,0,enemy/single,4,1,0,"A draining bolt (m.Atk +151) that heals you for 40% of the damage dealt;",154,80kk,,Human,1kk
80,Vampiric Bolt,human_vampiric_bolt,Magic/Dmg,,,750,0,enemy/single,4,1,0,"A draining bolt (m.Atk +153) that heals you for 40% of the damage dealt;",158,0,,Human,5kk
81,Vampiric Bolt,human_vampiric_bolt,Magic/Dmg,,,750,0,enemy/single,4,1,0,"A draining bolt (m.Atk +156) that heals you for 40% of the damage dealt;",182,0,,Human,7.5kk
82,Vampiric Bolt,human_vampiric_bolt,Magic/Dmg,,,750,0,enemy/single,4,1,0,"A draining bolt (m.Atk +159) that heals you for 40% of the damage dealt;",190,0,,Human,10kk
83,Vampiric Bolt,human_vampiric_bolt,Magic/Dmg,,,750,0,enemy/single,4,1,0,"A draining bolt (m.Atk +161) that heals you for 40% of the damage dealt;",194,0,,Human,15kk
84,Vampiric Bolt,human_vampiric_bolt,Magic/Dmg,,,750,0,enemy/single,4,1,0,"A draining bolt (m.Atk +164) that heals you for 40% of the damage dealt;",198,0,,Human,30kk
85,Vampiric Bolt,human_vampiric_bolt,Magic/Dmg,,,750,0,enemy/single,4,1,0,"A draining bolt (m.Atk +166) that heals you for 40% of the damage dealt;",206,0,,Human,50kk
86,Vampiric Bolt,human_vampiric_bolt,Magic/Dmg,,,750,0,enemy/single,4,1,0,"A draining bolt (m.Atk +169) that heals you for 40% of the damage dealt;",210,0,,Human,75kk
87,Vampiric Bolt,human_vampiric_bolt,Magic/Dmg,,,750,0,enemy/single,4,1,0,"A draining bolt (m.Atk +172) that heals you for 40% of the damage dealt;",214,0,,Human,100kk
88,Vampiric Bolt,human_vampiric_bolt,Magic/Dmg,,,750,0,enemy/single,4,1,0,"A draining bolt (m.Atk +174) that heals you for 40% of the damage dealt;",222,0,,Human,100kk
89,Vampiric Bolt,human_vampiric_bolt,Magic/Dmg,,,750,0,enemy/single,4,1,0,"A draining bolt (m.Atk +177) that heals you for 40% of the damage dealt;",226,0,,Human,100kk
90,Vampiric Bolt,human_vampiric_bolt,Magic/Dmg,,,750,0,enemy/single,4,1,0,"A draining bolt (m.Atk +179) that heals you for 40% of the damage dealt;",230,0,,Human,100kk
