LEARN @ LVL, NAME,SKILL_ID,TYPE,WEAPON,WEIGHT,RANGE,AOE,TARGET, CAST s,CD s,DURRATION s, DESCR,MP,SP COST,REPLACES,Comment
,,,,,,,,,,,,,,,,----------------------------Heavy Armor Mastery----------------------------
20,Heavy Armor Mastery,heavy_armor_mastery,Passive,,heavy,0,0,self/single,0,0,0,heavy: p.def +20,0,4350,[]
24,Heavy Armor Mastery,heavy_armor_mastery,Passive,,heavy,0,0,self/single,0,0,0,heavy: p.def +27,0,6930,[]
28,Heavy Armor Mastery,heavy_armor_mastery,Passive,,heavy,0,0,self/single,0,0,0,heavy: p.def +34,0,12800,[]
32,Heavy Armor Mastery,heavy_armor_mastery,Passive,,heavy,0,0,self/single,0,0,0,heavy: p.def +41,0,23800,[]
36,Heavy Armor Mastery,heavy_armor_mastery,Passive,,heavy,0,0,self/single,0,0,0,heavy: p.def +60,0,38200,[]
,,,,,,,,,,,,,,,,----------------------------MpRegen----------------------------
36,Mp regeneration,mp_regeneration,passive,,,0,0,self/single,0,0,0,increase mpReg +3.1,0,38200,[]
,,,,,,,,,,,,,,,,----------------------------Tank Defence----------------------------
20,Tank Defence,tank_defence_mastery,passive,,heavy,0,0,self/single,0,0,0,with heavy: p.def x1.07; eva -2,0,4350,[]
20,Critical Damage Resist,tank_crit_resist,passive,,heavy,0,0,self/single,0,0,0,with heavy: crit dmg reduction 15%,0,4350,[]
,,,,,,,,,,,,,,,,----------------------------Anti-Magic----------------------------
20,Anti-Magic,anti_magic,Passive,,,0,0,self/single,0,0,0,m.def +25,0,4350,[]
24,Anti-Magic,anti_magic,Passive,,,0,0,self/single,0,0,0,m.def +30,0,6930,[]
28,Anti-Magic,anti_magic,Passive,,,0,0,self/single,0,0,0,m.def +35,0,12800,[]
32,Anti-Magic,anti_magic,Passive,,,0,0,self/single,0,0,0,m.def +40,0,23800,[]
36,Anti-Magic,anti_magic,Passive,,,0,0,self/single,0,0,0,m.def +45,0,38200,[]
,,,,,,,,,,,,,,,,----------------------------Weapon Mastery----------------------------
20,Weapon Mastery,weapon_mastery,Passive,sword|blunt|duals,,0,0,self/single,0,0,0,sword/blunt/dual: p.Atk +6,0,4350,[]
24,Weapon Mastery,weapon_mastery,Passive,sword|blunt|duals,,0,0,self/single,0,0,0,sword/blunt/dual: p.Atk +8,0,6930,[]
28,Weapon Mastery,weapon_mastery,Passive,sword|blunt|duals,,0,0,self/single,0,0,0,sword/blunt/dual: p.Atk +10,0,12800,[]
32,Weapon Mastery,weapon_mastery,Passive,sword|blunt|duals,,0,0,self/single,0,0,0,sword/blunt/dual: p.Atk +12,0,23800,[]
36,Weapon Mastery,weapon_mastery,Passive,sword|blunt|duals,,0,0,self/single,0,0,0,sword/blunt/dual: p.Atk +15,0,38200,[]
,,,,,,,,,,,,,,,,----------------------------Defensive Wall----------------------------
20,Defensive Wall,defensive_wall,pfysical buff,,,0,0,self/single,0.5,900,30,increase p.def +1800; m.def +1600; buff cancel resist x1.8; ms x0.5,20,13200,[]
,,,,,,,,,,,,,,,,----------------------------Shield Mastery----------------------------
20,Shield Mastery,tank_shield_mastery,Passive,,heavy/shield,0,0,self/single,0,0,0,"Shield Dmg Reduction +15%, Shield Rate +50%;",0,4350,[]
28,Shield Mastery,tank_shield_mastery,Passive,,heavy/shield,0,0,self/single,0,0,0,"Shield Dmg Reduction +20%, Shield Rate +70%; bow resistance 16%",0,12800,[]
,,,,,,,,,,,,,,,,----------------------------Taunt----------------------------
24,Taunt,provoke,physical active,,,400,0,enemy/single,0,6,1.5,Agro enemy (power 4500) - locks it onto you for 1.5s then leaves you 4500 aggro ahead,0,6400,[],Human;Demon
28,Taunt,provoke,physical active,,,400,0,enemy/single,0,6,1.5,Agro enemy (power 5000) - locks it onto you for 1.5s then leaves you 5000 aggro ahead,0,12000,[],Human;Demon
32,Taunt,provoke,physical active,,,400,0,enemy/single,0,6,1.5,Agro enemy (power 5500) - locks it onto you for 1.5s then leaves you 5500 aggro ahead,0,22000,[],Human;Demon
36,Taunt,provoke,physical active,,,400,0,enemy/single,0,6,1.5,Agro enemy (power 6000) - locks it onto you for 1.5s then leaves you 6000 aggro ahead,0,40000,[],Human;Demon
,,,,,,,,,,,,,,,,----------------------------Цхарм----------------------------
24,Charm,charm,Magical Debuff,,,400,0,enemy/single,0,6,3,"Charm the enemy - start to walk towards you for 3s then leaves you  4500 aggro ahead (sucsess: x0.7);",0,6400,[],Elf
28,Charm,charm,Magical Debuff,,,400,0,enemy/single,0,6,3,"Charm the enemy - start to walk towards you for 3s then leaves you  5000 aggro ahead (sucsess: x0.7);",0,12000,[],Elf
32,Charm,charm,Magical Debuff,,,400,0,enemy/single,0,6,3,"Charm the enemy - start to walk towards you for 3s then leaves you  5500 aggro ahead (sucsess: x0.7);",0,22000,[],Elf
36,Charm,charm,Magical Debuff,,,400,0,enemy/single,0,6,3,"Charm the enemy - start to walk towards you for 3s then leaves you  6000 aggro ahead (sucsess: x0.7);",0,40000,[],Elf
,,,,,,,,,,,,,,,,----------------------------Shield Stun----------------------------
24,Shield Shock,shield_shock,physical active,,/shield,40,0,enemy/single,1,3,9,"Stun the enemy for the duration (sucsess: x0.7); Requre: Shield;",15,31500
28,Shield Shock,shield_shock,physical active,,/shield,40,0,enemy/single,1,3,9,"Stun the enemy for the duration (sucsess: x0.7); Requre: Shield;",18,58200
32,Shield Shock,shield_shock,physical active,,/shield,40,0,enemy/single,1,3,9,"Stun the enemy for the duration (sucsess: x0.7); Requre: Shield;",22,108000
36,Shield Shock,shield_shock,physical active,,/shield,40,0,enemy/single,1,3,9,"Stun the enemy for the duration (sucsess: x0.7); Requre: Shield;",26,174000
